Seq_ID_number;Barcode;Rep;Treatment;Sex;time;Dissected_Y.N;Group
RG.Z.sample_1;ACATTA;3;Pr;F;8;N;1
RG.Z.sample_2;GGTGAG;3;Pr;F;8;Y;1
RG.Z.sample_3;CGAAGG;3;Pr;M;8;Y;1
RG.Z.sample_4;AAGACA;3;Pr;M;8;N;1
RG.Z.sample_5;TAATCG;3;UC;M;8;N;1
RG.Z.sample_6;CGCAAC;3;UC;M;8;Y;1
RG.Z.sample_7;AATAGC;3;WD;F;8;Y;1
RG.Z.sample_8;TTAACT;3;WD;F;8;N;1
RG.Z.sample_9;AATGAA;3;WD;M;8;N;1
RG.Z.sample_10;GATTGT;3;WD;M;8;Y;1
RG.Z.sample_11;ATAAGA;3;UC;F;8;N;1
RG.Z.sample_12;GCCACA;3;UC;F;8;Y;1
RG.Z.sample_13;GAACCT;3;UC;F;72;Y;1
RG.Z.sample_14;CGGTTA;3;UC;F;72;N;1
RG.Z.sample_15;AACGCC;3;Pr;F;72;N;1
RG.Z.sample_17;CAGATG;3;Pr;F;72;Y;1
RG.Z.sample_23;GATCAC;3;Pr;M;72;N;1
RG.Z.sample_24;CGCGGA;3;UC;M;72;N;1
RG.Z.sample_25;CCTAAG;3;UC;M;72;Y;1
RG.Z.sample_27;GGCTGC;3;Pr;M;24;N;1
RG.Z.sample_28;ACCAGT;3;Pr;M;24;Y;1
RG.Z.sample_29;GTGCCA;3;UC;M;24;Y;1
RG.Z.sample_31;AGATAG;3;Pr;M;72;Y;1
RG.Z.sample_32;TCGAGG;3;Pr;F;24;N;1
RG.Z.sample_33;ACAACG;3;UC;F;24;Y;1
RG.Z.sample_34;GCGCTG;3;UC;M;24;N;1
RG.Z.sample_35;CAAGCA;3;UC;F;24;N;1
RG.Z.sample_36;GTTACC;3;Pr;F;24;Y;1
RG.Z.sample_45;CTCTCG;2;Pr;F;8;Y;1
RG.Z.sample_46;CCAATT;2;Pr;M;8;Y;1
RG.Z.sample_50;TTCGAG;2;UC;F;24;N;1
RG.Z.sample_51;CGTCGC;2;UC;M;8;N;1
RG.Z.sample_53;TGTGCA;2;WD;F;8;N;1
RG.Z.sample_54;ACCGTG;2;UC;F;8;N;1
RG.Z.sample_55;ATACTG;2;Pr;M;8;N;1
RG.Z.sample_57;ATGAAC;2;Pr;F;8;N;1
RG.Z.sample_58;AGTTGA;2;Pr;F;24;N;1
RG.Z.sample_59;GACGAT;2;WD;M;8;Y;1
RG.Z.sample_61;CACACT;2;UC;M;24;Y;1
RG.Z.sample_64;CAGCGT;2;UC;M;24;Y;1
RG.Z.sample_65;TGCTAT;2;UC;M;8;Y;1
RG.Z.sample_67;TCTTAA;2;UC;F;8;Y;1
RG.Z.sample_69;CCGCAA;2;WD;M;8;N;1
RG.Z.sample_70;CTCCAT;2;WD;F;8;Y;1
RG.Z.sample_76;GTCAGG;2;Pr;M;72;Y;1
RG.Z.sample_77;ACGTCT;2;Pr;M;24;N;1
RG.Z.sample_78;GAGTCC;2;UC;F;72;N;1
RG.Z.sample_83;GACATC;2;UC;M;72;Y;1
RG.Z.sample_86;AGGCAT;2;Pr;M;24;Y;1
RG.Z.sample_87;ACCTAC;2;Pr;M;72;N;1
RG.Z.sample_88;TGGATT;2;UC;M;72;N;1
RG.Z.sample_90;GCAGCC;2;Pr;F;72;N;1
RG.Z.sample_91;CGCCTG;2;Pr;F;24;Y;1
RG.Z.sample_93;CCGACC;2;UC;F;24;Y;1
RG.Z.sample_94;TATGTC;2;Pr;F;72;Y;1
RG.Z.sample_96;TGACAC;2;UC;F;72;Y;1
RG.Z.sample_121;ACAGAT;1;Pr;F;24;Y;1
RG.Z.sample_124;AGACCA;1;Pr;M;72;N;2
RG.Z.sample_125;GCTCGA;1;UC;F;24;Y;1
RG.Z.sample_126;ATGGCG;1;Pr;M;24;Y;1
RG.Z.sample_127;GAAGTG;1;Pr;F;8;N;1
RG.Z.sample_128;AGAATC;1;UC;M;72;N;1
RG.Z.sample_131;GCGAAT;1;UC;F;72;N;1
RG.Z.sample_132;CGATCT;1;Pr;M;8;Y;1
RG.Z.sample_138;CATCTA;1;UC;M;24;N;1
RG.Z.sample_139;AAGTGG;1;UC;M;72;Y;1
RG.Z.sample_143;TGCACG;1;Pr;M;24;N;1
RG.Z.sample_144;TCGTTC;1;UC;F;8;N;1
RG.Z.sample_147;ACACGC;1;UC;M;24;N;1
RG.Z.sample_153;GTAGAA;1;UC;M;8;Y;1
RG.Z.sample_156;AGTACT;1;Pr;F;8;Y;1
RG.Z.sample_157;GCATGG;1;Pr;M;8;N;1
RG.Z.sample_159;AACAAG;1;UC;M;8;N;1
RG.Z.sample_160;AACCGA;1;WD;F;8;Y;1
RG.Z.sample_162;TGGCGA;1;UC;F;8;Y;1
RG.Z.sample_164;CACTAA;1;WD;F;8;N;1
RG.Z.sample_165;AAGCTC;1;WD;M;8;Y;1
RG.Z.sample_166;TACCTT;1;Pr;F;24;Y;1
RG.Z.sample_168;CTAGTC;1;Pr;F;72;N;1
RG.Z.sample_174;AATCCG;1;Pr;M;72;Y;2
RG.Z.sample_175;GGTATA;1;UC;F;72;Y;1
RG.Z.sample_180;ACTCTT;1;WD;M;8;Y;1
RG.Z.sample_181;TCAGGA;1;UC;F;24;N;1
RG.Z.sample_183;ATTGGT;1;Pr;F;72;Y;1
