Mother,Father,Food,Sex,Challenge,Vial_num,Vial_num_unique,Indiv_num,Mating_status,Dose,Day_of_injection,Time_of_injection,Day_of_death,Time_of_death,Time_to_death,Censor,Group
S106,TotM,neg_RU,Female,PBS,1,Vial_1,1,Mated,PBS,20/04/2021,10:07,21/04/2021,09:20,0.967361111,1,Female_neg_RU_PBS
S106,TotM,neg_RU,Female,PBS,1,Vial_1,2,Mated,PBS,20/04/2021,10:07,21/04/2021,14:45,1.193055556,1,Female_neg_RU_PBS
S106,TotM,neg_RU,Female,PBS,1,Vial_1,3,Mated,PBS,20/04/2021,10:07,23/04/2021,17:00,3.286805556,0,Female_neg_RU_PBS
S106,TotM,neg_RU,Female,PBS,1,Vial_1,4,Mated,PBS,20/04/2021,10:07,23/04/2021,17:00,3.286805556,0,Female_neg_RU_PBS
S106,TotM,neg_RU,Female,PBS,1,Vial_1,5,Mated,PBS,20/04/2021,10:07,23/04/2021,17:00,3.286805556,0,Female_neg_RU_PBS
S106,TotM,neg_RU,Female,PBS,1,Vial_1,6,Mated,PBS,20/04/2021,10:07,23/04/2021,17:00,3.286805556,0,Female_neg_RU_PBS
S106,TotM,neg_RU,Female,PBS,1,Vial_1,7,Mated,PBS,20/04/2021,10:07,23/04/2021,17:00,3.286805556,0,Female_neg_RU_PBS
S106,TotM,neg_RU,Female,PBS,1,Vial_1,8,Mated,PBS,20/04/2021,10:07,23/04/2021,17:00,3.286805556,0,Female_neg_RU_PBS
S106,TotM,neg_RU,Female,PBS,1,Vial_1,9,Mated,PBS,20/04/2021,10:07,23/04/2021,17:00,3.286805556,0,Female_neg_RU_PBS
S106,TotM,neg_RU,Female,PBS,1,Vial_1,10,Mated,PBS,20/04/2021,10:07,23/04/2021,17:00,3.286805556,0,Female_neg_RU_PBS
S106,TotM,neg_RU,Female,PBS,2,Vial_2,1,Mated,PBS,20/04/2021,10:12,21/04/2021,09:20,0.963888889,1,Female_neg_RU_PBS
S106,TotM,neg_RU,Female,PBS,2,Vial_2,2,Mated,PBS,20/04/2021,10:12,21/04/2021,09:20,0.963888889,1,Female_neg_RU_PBS
S106,TotM,neg_RU,Female,PBS,2,Vial_2,3,Mated,PBS,20/04/2021,10:12,21/04/2021,09:20,0.963888889,1,Female_neg_RU_PBS
S106,TotM,neg_RU,Female,PBS,2,Vial_2,4,Mated,PBS,20/04/2021,10:12,21/04/2021,09:20,0.963888889,1,Female_neg_RU_PBS
S106,TotM,neg_RU,Female,PBS,2,Vial_2,5,Mated,PBS,20/04/2021,10:12,23/04/2021,17:00,3.283333333,0,Female_neg_RU_PBS
S106,TotM,neg_RU,Female,PBS,2,Vial_2,6,Mated,PBS,20/04/2021,10:12,23/04/2021,17:00,3.283333333,0,Female_neg_RU_PBS
S106,TotM,neg_RU,Female,PBS,2,Vial_2,7,Mated,PBS,20/04/2021,10:12,23/04/2021,17:00,3.283333333,0,Female_neg_RU_PBS
S106,TotM,neg_RU,Female,PBS,2,Vial_2,8,Mated,PBS,20/04/2021,10:12,23/04/2021,17:00,3.283333333,0,Female_neg_RU_PBS
S106,TotM,neg_RU,Female,PBS,2,Vial_2,9,Mated,PBS,20/04/2021,10:12,23/04/2021,17:00,3.283333333,0,Female_neg_RU_PBS
S106,TotM,neg_RU,Female,PBS,2,Vial_2,10,Mated,PBS,20/04/2021,10:12,23/04/2021,17:00,3.283333333,0,Female_neg_RU_PBS
S106,TotM,neg_RU,Female,PBS,3,Vial_3,1,Mated,PBS,20/04/2021,10:16,21/04/2021,09:20,0.961111111,1,Female_neg_RU_PBS
S106,TotM,neg_RU,Female,PBS,3,Vial_3,2,Mated,PBS,20/04/2021,10:16,21/04/2021,09:20,0.961111111,1,Female_neg_RU_PBS
S106,TotM,neg_RU,Female,PBS,3,Vial_3,3,Mated,PBS,20/04/2021,10:16,21/04/2021,09:20,0.961111111,1,Female_neg_RU_PBS
S106,TotM,neg_RU,Female,PBS,3,Vial_3,4,Mated,PBS,20/04/2021,10:16,21/04/2021,09:20,0.961111111,1,Female_neg_RU_PBS
S106,TotM,neg_RU,Female,PBS,3,Vial_3,5,Mated,PBS,20/04/2021,10:16,23/04/2021,17:00,3.280555556,0,Female_neg_RU_PBS
S106,TotM,neg_RU,Female,PBS,3,Vial_3,6,Mated,PBS,20/04/2021,10:16,23/04/2021,17:00,3.280555556,0,Female_neg_RU_PBS
S106,TotM,neg_RU,Female,PBS,3,Vial_3,7,Mated,PBS,20/04/2021,10:16,23/04/2021,17:00,3.280555556,0,Female_neg_RU_PBS
S106,TotM,neg_RU,Female,PBS,3,Vial_3,8,Mated,PBS,20/04/2021,10:16,23/04/2021,17:00,3.280555556,0,Female_neg_RU_PBS
S106,TotM,neg_RU,Female,PBS,3,Vial_3,9,Mated,PBS,20/04/2021,10:16,23/04/2021,17:00,3.280555556,0,Female_neg_RU_PBS
S106,TotM,neg_RU,Female,PBS,3,Vial_3,10,Mated,PBS,20/04/2021,10:16,23/04/2021,17:00,3.280555556,0,Female_neg_RU_PBS
S106,TotM,neg_RU,Female,PBS,4,Vial_4,1,Mated,PBS,20/04/2021,10:20,21/04/2021,09:20,0.958333333,1,Female_neg_RU_PBS
S106,TotM,neg_RU,Female,PBS,4,Vial_4,2,Mated,PBS,20/04/2021,10:20,22/04/2021,09:30,1.965277778,1,Female_neg_RU_PBS
S106,TotM,neg_RU,Female,PBS,4,Vial_4,3,Mated,PBS,20/04/2021,10:20,23/04/2021,17:00,3.277777778,0,Female_neg_RU_PBS
S106,TotM,neg_RU,Female,PBS,4,Vial_4,4,Mated,PBS,20/04/2021,10:20,23/04/2021,17:00,3.277777778,0,Female_neg_RU_PBS
S106,TotM,neg_RU,Female,PBS,4,Vial_4,5,Mated,PBS,20/04/2021,10:20,23/04/2021,17:00,3.277777778,0,Female_neg_RU_PBS
S106,TotM,neg_RU,Female,PBS,4,Vial_4,6,Mated,PBS,20/04/2021,10:20,23/04/2021,17:00,3.277777778,0,Female_neg_RU_PBS
S106,TotM,neg_RU,Female,PBS,4,Vial_4,7,Mated,PBS,20/04/2021,10:20,23/04/2021,17:00,3.277777778,0,Female_neg_RU_PBS
S106,TotM,neg_RU,Female,PBS,4,Vial_4,8,Mated,PBS,20/04/2021,10:20,23/04/2021,17:00,3.277777778,0,Female_neg_RU_PBS
S106,TotM,neg_RU,Female,PBS,4,Vial_4,9,Mated,PBS,20/04/2021,10:20,23/04/2021,17:00,3.277777778,0,Female_neg_RU_PBS
S106,TotM,neg_RU,Female,PBS,5,Vial_5,1,Mated,PBS,20/04/2021,10:25,21/04/2021,09:20,0.954861111,1,Female_neg_RU_PBS
S106,TotM,neg_RU,Female,PBS,5,Vial_5,2,Mated,PBS,20/04/2021,10:25,21/04/2021,09:20,0.954861111,1,Female_neg_RU_PBS
S106,TotM,neg_RU,Female,PBS,5,Vial_5,3,Mated,PBS,20/04/2021,10:25,23/04/2021,17:00,3.274305556,0,Female_neg_RU_PBS
S106,TotM,neg_RU,Female,PBS,5,Vial_5,4,Mated,PBS,20/04/2021,10:25,23/04/2021,17:00,3.274305556,0,Female_neg_RU_PBS
S106,TotM,neg_RU,Female,PBS,5,Vial_5,5,Mated,PBS,20/04/2021,10:25,23/04/2021,17:00,3.274305556,0,Female_neg_RU_PBS
S106,TotM,neg_RU,Female,PBS,5,Vial_5,6,Mated,PBS,20/04/2021,10:25,23/04/2021,17:00,3.274305556,0,Female_neg_RU_PBS
S106,TotM,neg_RU,Female,PBS,5,Vial_5,7,Mated,PBS,20/04/2021,10:25,23/04/2021,17:00,3.274305556,0,Female_neg_RU_PBS
S106,TotM,neg_RU,Female,PBS,5,Vial_5,8,Mated,PBS,20/04/2021,10:25,23/04/2021,17:00,3.274305556,0,Female_neg_RU_PBS
S106,TotM,neg_RU,Female,PBS,5,Vial_5,9,Mated,PBS,20/04/2021,10:25,23/04/2021,17:00,3.274305556,0,Female_neg_RU_PBS
S106,TotM,neg_RU,Female,PBS,5,Vial_5,10,Mated,PBS,20/04/2021,10:25,23/04/2021,17:00,3.274305556,0,Female_neg_RU_PBS
S106,TotM,neg_RU,Female,PBS,6,Vial_6,1,Mated,PBS,20/04/2021,10:29,21/04/2021,09:20,0.952083333,1,Female_neg_RU_PBS
S106,TotM,neg_RU,Female,PBS,6,Vial_6,2,Mated,PBS,20/04/2021,10:29,23/04/2021,17:00,3.271527778,0,Female_neg_RU_PBS
S106,TotM,neg_RU,Female,PBS,6,Vial_6,3,Mated,PBS,20/04/2021,10:29,23/04/2021,17:00,3.271527778,0,Female_neg_RU_PBS
S106,TotM,neg_RU,Female,PBS,6,Vial_6,4,Mated,PBS,20/04/2021,10:29,23/04/2021,17:00,3.271527778,0,Female_neg_RU_PBS
S106,TotM,neg_RU,Female,PBS,6,Vial_6,5,Mated,PBS,20/04/2021,10:29,23/04/2021,17:00,3.271527778,0,Female_neg_RU_PBS
S106,TotM,neg_RU,Female,PBS,6,Vial_6,6,Mated,PBS,20/04/2021,10:29,23/04/2021,17:00,3.271527778,0,Female_neg_RU_PBS
S106,TotM,neg_RU,Female,PBS,6,Vial_6,7,Mated,PBS,20/04/2021,10:29,23/04/2021,17:00,3.271527778,0,Female_neg_RU_PBS
S106,TotM,neg_RU,Female,PBS,6,Vial_6,8,Mated,PBS,20/04/2021,10:29,23/04/2021,17:00,3.271527778,0,Female_neg_RU_PBS
S106,TotM,neg_RU,Female,PBS,6,Vial_6,9,Mated,PBS,20/04/2021,10:29,23/04/2021,17:00,3.271527778,0,Female_neg_RU_PBS
S106,TotM,neg_RU,Female,PBS,6,Vial_6,10,Mated,PBS,20/04/2021,10:29,23/04/2021,17:00,3.271527778,0,Female_neg_RU_PBS
S106,TotM,neg_RU,Female,PBS,7,Vial_7,1,Mated,PBS,20/04/2021,10:33,21/04/2021,09:20,0.949305556,1,Female_neg_RU_PBS
S106,TotM,neg_RU,Female,PBS,7,Vial_7,2,Mated,PBS,20/04/2021,10:33,23/04/2021,17:00,3.26875,0,Female_neg_RU_PBS
S106,TotM,neg_RU,Female,PBS,7,Vial_7,3,Mated,PBS,20/04/2021,10:33,23/04/2021,17:00,3.26875,0,Female_neg_RU_PBS
S106,TotM,neg_RU,Female,PBS,7,Vial_7,4,Mated,PBS,20/04/2021,10:33,23/04/2021,17:00,3.26875,0,Female_neg_RU_PBS
S106,TotM,neg_RU,Female,PBS,7,Vial_7,5,Mated,PBS,20/04/2021,10:33,23/04/2021,17:00,3.26875,0,Female_neg_RU_PBS
S106,TotM,neg_RU,Female,PBS,7,Vial_7,6,Mated,PBS,20/04/2021,10:33,23/04/2021,17:00,3.26875,0,Female_neg_RU_PBS
S106,TotM,neg_RU,Female,PBS,7,Vial_7,7,Mated,PBS,20/04/2021,10:33,23/04/2021,17:00,3.26875,0,Female_neg_RU_PBS
S106,TotM,neg_RU,Female,PBS,7,Vial_7,8,Mated,PBS,20/04/2021,10:33,23/04/2021,17:00,3.26875,0,Female_neg_RU_PBS
S106,TotM,neg_RU,Female,PBS,7,Vial_7,9,Mated,PBS,20/04/2021,10:33,23/04/2021,17:00,3.26875,0,Female_neg_RU_PBS
S106,TotM,neg_RU,Female,PBS,7,Vial_7,10,Mated,PBS,20/04/2021,10:33,23/04/2021,17:00,3.26875,0,Female_neg_RU_PBS
S106,TotM,neg_RU,Female,PBS,8,Vial_8,1,Mated,PBS,20/04/2021,10:37,21/04/2021,09:20,0.946527778,1,Female_neg_RU_PBS
S106,TotM,neg_RU,Female,PBS,8,Vial_8,2,Mated,PBS,20/04/2021,10:37,21/04/2021,12:15,1.068055556,1,Female_neg_RU_PBS
S106,TotM,neg_RU,Female,PBS,8,Vial_8,3,Mated,PBS,20/04/2021,10:37,23/04/2021,17:00,3.265972222,0,Female_neg_RU_PBS
S106,TotM,neg_RU,Female,PBS,8,Vial_8,4,Mated,PBS,20/04/2021,10:37,23/04/2021,17:00,3.265972222,0,Female_neg_RU_PBS
S106,TotM,neg_RU,Female,PBS,8,Vial_8,5,Mated,PBS,20/04/2021,10:37,23/04/2021,17:00,3.265972222,0,Female_neg_RU_PBS
S106,TotM,neg_RU,Female,PBS,8,Vial_8,6,Mated,PBS,20/04/2021,10:37,23/04/2021,17:00,3.265972222,0,Female_neg_RU_PBS
S106,TotM,neg_RU,Female,PBS,8,Vial_8,7,Mated,PBS,20/04/2021,10:37,23/04/2021,17:00,3.265972222,0,Female_neg_RU_PBS
S106,TotM,neg_RU,Female,PBS,8,Vial_8,8,Mated,PBS,20/04/2021,10:37,23/04/2021,17:00,3.265972222,0,Female_neg_RU_PBS
S106,TotM,neg_RU,Female,PBS,8,Vial_8,9,Mated,PBS,20/04/2021,10:37,23/04/2021,17:00,3.265972222,0,Female_neg_RU_PBS
S106,TotM,neg_RU,Female,PBS,8,Vial_8,10,Mated,PBS,20/04/2021,10:37,23/04/2021,17:00,3.265972222,0,Female_neg_RU_PBS
S106,TotM,neg_RU,Male,PBS,1,Vial_9,1,Mated,PBS,20/04/2021,10:47,21/04/2021,09:20,0.939583333,1,Male_neg_RU_PBS
S106,TotM,neg_RU,Male,PBS,1,Vial_9,2,Mated,PBS,20/04/2021,10:47,23/04/2021,17:00,3.259027778,0,Male_neg_RU_PBS
S106,TotM,neg_RU,Male,PBS,1,Vial_9,3,Mated,PBS,20/04/2021,10:47,23/04/2021,17:00,3.259027778,0,Male_neg_RU_PBS
S106,TotM,neg_RU,Male,PBS,1,Vial_9,4,Mated,PBS,20/04/2021,10:47,23/04/2021,17:00,3.259027778,0,Male_neg_RU_PBS
S106,TotM,neg_RU,Male,PBS,1,Vial_9,5,Mated,PBS,20/04/2021,10:47,23/04/2021,17:00,3.259027778,0,Male_neg_RU_PBS
S106,TotM,neg_RU,Male,PBS,1,Vial_9,6,Mated,PBS,20/04/2021,10:47,23/04/2021,17:00,3.259027778,0,Male_neg_RU_PBS
S106,TotM,neg_RU,Male,PBS,1,Vial_9,7,Mated,PBS,20/04/2021,10:47,23/04/2021,17:00,3.259027778,0,Male_neg_RU_PBS
S106,TotM,neg_RU,Male,PBS,1,Vial_9,8,Mated,PBS,20/04/2021,10:47,23/04/2021,17:00,3.259027778,0,Male_neg_RU_PBS
S106,TotM,neg_RU,Male,PBS,1,Vial_9,9,Mated,PBS,20/04/2021,10:47,23/04/2021,17:00,3.259027778,0,Male_neg_RU_PBS
S106,TotM,neg_RU,Male,PBS,1,Vial_9,10,Mated,PBS,20/04/2021,10:47,23/04/2021,17:00,3.259027778,0,Male_neg_RU_PBS
S106,TotM,neg_RU,Male,PBS,2,Vial_10,1,Mated,PBS,20/04/2021,10:52,21/04/2021,09:20,0.936111111,1,Male_neg_RU_PBS
S106,TotM,neg_RU,Male,PBS,2,Vial_10,2,Mated,PBS,20/04/2021,10:52,21/04/2021,09:20,0.936111111,1,Male_neg_RU_PBS
S106,TotM,neg_RU,Male,PBS,2,Vial_10,3,Mated,PBS,20/04/2021,10:52,21/04/2021,12:15,1.057638889,1,Male_neg_RU_PBS
S106,TotM,neg_RU,Male,PBS,2,Vial_10,4,Mated,PBS,20/04/2021,10:52,21/04/2021,12:15,1.057638889,1,Male_neg_RU_PBS
S106,TotM,neg_RU,Male,PBS,2,Vial_10,5,Mated,PBS,20/04/2021,10:52,21/04/2021,12:15,1.057638889,1,Male_neg_RU_PBS
S106,TotM,neg_RU,Male,PBS,2,Vial_10,6,Mated,PBS,20/04/2021,10:52,23/04/2021,17:00,3.255555556,0,Male_neg_RU_PBS
S106,TotM,neg_RU,Male,PBS,2,Vial_10,7,Mated,PBS,20/04/2021,10:52,23/04/2021,17:00,3.255555556,0,Male_neg_RU_PBS
S106,TotM,neg_RU,Male,PBS,2,Vial_10,8,Mated,PBS,20/04/2021,10:52,23/04/2021,17:00,3.255555556,0,Male_neg_RU_PBS
S106,TotM,neg_RU,Male,PBS,2,Vial_10,9,Mated,PBS,20/04/2021,10:52,23/04/2021,17:00,3.255555556,0,Male_neg_RU_PBS
S106,TotM,neg_RU,Male,PBS,2,Vial_10,10,Mated,PBS,20/04/2021,10:52,23/04/2021,17:00,3.255555556,0,Male_neg_RU_PBS
S106,TotM,neg_RU,Male,PBS,3,Vial_11,1,Mated,PBS,20/04/2021,10:56,21/04/2021,09:20,0.933333333,1,Male_neg_RU_PBS
S106,TotM,neg_RU,Male,PBS,3,Vial_11,2,Mated,PBS,20/04/2021,10:56,21/04/2021,12:15,1.054861111,1,Male_neg_RU_PBS
S106,TotM,neg_RU,Male,PBS,3,Vial_11,3,Mated,PBS,20/04/2021,10:56,23/04/2021,17:00,3.252777778,0,Male_neg_RU_PBS
S106,TotM,neg_RU,Male,PBS,3,Vial_11,4,Mated,PBS,20/04/2021,10:56,23/04/2021,17:00,3.252777778,0,Male_neg_RU_PBS
S106,TotM,neg_RU,Male,PBS,3,Vial_11,5,Mated,PBS,20/04/2021,10:56,23/04/2021,17:00,3.252777778,0,Male_neg_RU_PBS
S106,TotM,neg_RU,Male,PBS,3,Vial_11,6,Mated,PBS,20/04/2021,10:56,23/04/2021,17:00,3.252777778,0,Male_neg_RU_PBS
S106,TotM,neg_RU,Male,PBS,3,Vial_11,7,Mated,PBS,20/04/2021,10:56,23/04/2021,17:00,3.252777778,0,Male_neg_RU_PBS
S106,TotM,neg_RU,Male,PBS,3,Vial_11,8,Mated,PBS,20/04/2021,10:56,23/04/2021,17:00,3.252777778,0,Male_neg_RU_PBS
S106,TotM,neg_RU,Male,PBS,3,Vial_11,9,Mated,PBS,20/04/2021,10:56,23/04/2021,17:00,3.252777778,0,Male_neg_RU_PBS
S106,TotM,neg_RU,Male,PBS,3,Vial_11,10,Mated,PBS,20/04/2021,10:56,23/04/2021,17:00,3.252777778,0,Male_neg_RU_PBS
S106,TotM,neg_RU,Male,PBS,4,Vial_12,1,Mated,PBS,20/04/2021,11:00,23/04/2021,17:00,3.25,0,Male_neg_RU_PBS
S106,TotM,neg_RU,Male,PBS,4,Vial_12,2,Mated,PBS,20/04/2021,11:00,23/04/2021,17:00,3.25,0,Male_neg_RU_PBS
S106,TotM,neg_RU,Male,PBS,4,Vial_12,3,Mated,PBS,20/04/2021,11:00,23/04/2021,17:00,3.25,0,Male_neg_RU_PBS
S106,TotM,neg_RU,Male,PBS,4,Vial_12,4,Mated,PBS,20/04/2021,11:00,23/04/2021,17:00,3.25,0,Male_neg_RU_PBS
S106,TotM,neg_RU,Male,PBS,4,Vial_12,5,Mated,PBS,20/04/2021,11:00,23/04/2021,17:00,3.25,0,Male_neg_RU_PBS
S106,TotM,neg_RU,Male,PBS,4,Vial_12,6,Mated,PBS,20/04/2021,11:00,23/04/2021,17:00,3.25,0,Male_neg_RU_PBS
S106,TotM,neg_RU,Male,PBS,4,Vial_12,7,Mated,PBS,20/04/2021,11:00,23/04/2021,17:00,3.25,0,Male_neg_RU_PBS
S106,TotM,neg_RU,Male,PBS,4,Vial_12,8,Mated,PBS,20/04/2021,11:00,23/04/2021,17:00,3.25,0,Male_neg_RU_PBS
S106,TotM,neg_RU,Male,PBS,4,Vial_12,9,Mated,PBS,20/04/2021,11:00,23/04/2021,17:00,3.25,0,Male_neg_RU_PBS
S106,TotM,neg_RU,Male,PBS,4,Vial_12,10,Mated,PBS,20/04/2021,11:00,23/04/2021,17:00,3.25,0,Male_neg_RU_PBS
S106,TotM,neg_RU,Male,PBS,5,Vial_13,1,Mated,PBS,20/04/2021,11:03,23/04/2021,17:00,3.247916667,0,Male_neg_RU_PBS
S106,TotM,neg_RU,Male,PBS,5,Vial_13,2,Mated,PBS,20/04/2021,11:03,23/04/2021,17:00,3.247916667,0,Male_neg_RU_PBS
S106,TotM,neg_RU,Male,PBS,5,Vial_13,3,Mated,PBS,20/04/2021,11:03,23/04/2021,17:00,3.247916667,0,Male_neg_RU_PBS
S106,TotM,neg_RU,Male,PBS,5,Vial_13,4,Mated,PBS,20/04/2021,11:03,23/04/2021,17:00,3.247916667,0,Male_neg_RU_PBS
S106,TotM,neg_RU,Male,PBS,5,Vial_13,5,Mated,PBS,20/04/2021,11:03,23/04/2021,17:00,3.247916667,0,Male_neg_RU_PBS
S106,TotM,neg_RU,Male,PBS,5,Vial_13,6,Mated,PBS,20/04/2021,11:03,23/04/2021,17:00,3.247916667,0,Male_neg_RU_PBS
S106,TotM,neg_RU,Male,PBS,5,Vial_13,7,Mated,PBS,20/04/2021,11:03,23/04/2021,17:00,3.247916667,0,Male_neg_RU_PBS
S106,TotM,neg_RU,Male,PBS,5,Vial_13,8,Mated,PBS,20/04/2021,11:03,23/04/2021,17:00,3.247916667,0,Male_neg_RU_PBS
S106,TotM,neg_RU,Male,PBS,5,Vial_13,9,Mated,PBS,20/04/2021,11:03,23/04/2021,17:00,3.247916667,0,Male_neg_RU_PBS
S106,TotM,neg_RU,Male,PBS,5,Vial_13,10,Mated,PBS,20/04/2021,11:03,23/04/2021,17:00,3.247916667,0,Male_neg_RU_PBS
S106,TotM,neg_RU,Male,PBS,6,Vial_14,1,Mated,PBS,20/04/2021,11:06,23/04/2021,17:00,3.245833333,0,Male_neg_RU_PBS
S106,TotM,neg_RU,Male,PBS,6,Vial_14,2,Mated,PBS,20/04/2021,11:06,23/04/2021,17:00,3.245833333,0,Male_neg_RU_PBS
S106,TotM,neg_RU,Male,PBS,6,Vial_14,3,Mated,PBS,20/04/2021,11:06,23/04/2021,17:00,3.245833333,0,Male_neg_RU_PBS
S106,TotM,neg_RU,Male,PBS,6,Vial_14,4,Mated,PBS,20/04/2021,11:06,23/04/2021,17:00,3.245833333,0,Male_neg_RU_PBS
S106,TotM,neg_RU,Male,PBS,6,Vial_14,5,Mated,PBS,20/04/2021,11:06,23/04/2021,17:00,3.245833333,0,Male_neg_RU_PBS
S106,TotM,neg_RU,Male,PBS,6,Vial_14,6,Mated,PBS,20/04/2021,11:06,23/04/2021,17:00,3.245833333,0,Male_neg_RU_PBS
S106,TotM,neg_RU,Male,PBS,6,Vial_14,7,Mated,PBS,20/04/2021,11:06,23/04/2021,17:00,3.245833333,0,Male_neg_RU_PBS
S106,TotM,neg_RU,Male,PBS,6,Vial_14,8,Mated,PBS,20/04/2021,11:06,23/04/2021,17:00,3.245833333,0,Male_neg_RU_PBS
S106,TotM,neg_RU,Male,PBS,6,Vial_14,9,Mated,PBS,20/04/2021,11:06,23/04/2021,17:00,3.245833333,0,Male_neg_RU_PBS
S106,TotM,neg_RU,Male,PBS,6,Vial_14,10,Mated,PBS,20/04/2021,11:06,23/04/2021,17:00,3.245833333,0,Male_neg_RU_PBS
S106,TotM,neg_RU,Male,PBS,7,Vial_15,1,Mated,PBS,20/04/2021,11:10,23/04/2021,17:00,3.243055556,0,Male_neg_RU_PBS
S106,TotM,neg_RU,Male,PBS,7,Vial_15,2,Mated,PBS,20/04/2021,11:10,23/04/2021,17:00,3.243055556,0,Male_neg_RU_PBS
S106,TotM,neg_RU,Male,PBS,7,Vial_15,3,Mated,PBS,20/04/2021,11:10,23/04/2021,17:00,3.243055556,0,Male_neg_RU_PBS
S106,TotM,neg_RU,Male,PBS,7,Vial_15,4,Mated,PBS,20/04/2021,11:10,23/04/2021,17:00,3.243055556,0,Male_neg_RU_PBS
S106,TotM,neg_RU,Male,PBS,7,Vial_15,5,Mated,PBS,20/04/2021,11:10,23/04/2021,17:00,3.243055556,0,Male_neg_RU_PBS
S106,TotM,neg_RU,Male,PBS,7,Vial_15,6,Mated,PBS,20/04/2021,11:10,23/04/2021,17:00,3.243055556,0,Male_neg_RU_PBS
S106,TotM,neg_RU,Male,PBS,7,Vial_15,7,Mated,PBS,20/04/2021,11:10,23/04/2021,17:00,3.243055556,0,Male_neg_RU_PBS
S106,TotM,neg_RU,Male,PBS,7,Vial_15,8,Mated,PBS,20/04/2021,11:10,23/04/2021,17:00,3.243055556,0,Male_neg_RU_PBS
S106,TotM,neg_RU,Male,PBS,7,Vial_15,9,Mated,PBS,20/04/2021,11:10,23/04/2021,17:00,3.243055556,0,Male_neg_RU_PBS
S106,TotM,neg_RU,Male,PBS,7,Vial_15,10,Mated,PBS,20/04/2021,11:10,23/04/2021,17:00,3.243055556,0,Male_neg_RU_PBS
S106,TotM,neg_RU,Male,PBS,8,Vial_16,1,Mated,PBS,20/04/2021,11:13,23/04/2021,17:00,3.240972222,0,Male_neg_RU_PBS
S106,TotM,neg_RU,Male,PBS,8,Vial_16,2,Mated,PBS,20/04/2021,11:13,23/04/2021,17:00,3.240972222,0,Male_neg_RU_PBS
S106,TotM,neg_RU,Male,PBS,8,Vial_16,3,Mated,PBS,20/04/2021,11:13,23/04/2021,17:00,3.240972222,0,Male_neg_RU_PBS
S106,TotM,neg_RU,Male,PBS,8,Vial_16,4,Mated,PBS,20/04/2021,11:13,23/04/2021,17:00,3.240972222,0,Male_neg_RU_PBS
S106,TotM,neg_RU,Male,PBS,8,Vial_16,5,Mated,PBS,20/04/2021,11:13,23/04/2021,17:00,3.240972222,0,Male_neg_RU_PBS
S106,TotM,neg_RU,Male,PBS,8,Vial_16,6,Mated,PBS,20/04/2021,11:13,23/04/2021,17:00,3.240972222,0,Male_neg_RU_PBS
S106,TotM,neg_RU,Male,PBS,8,Vial_16,7,Mated,PBS,20/04/2021,11:13,23/04/2021,17:00,3.240972222,0,Male_neg_RU_PBS
S106,TotM,neg_RU,Male,PBS,8,Vial_16,8,Mated,PBS,20/04/2021,11:13,23/04/2021,17:00,3.240972222,0,Male_neg_RU_PBS
S106,TotM,neg_RU,Male,PBS,8,Vial_16,9,Mated,PBS,20/04/2021,11:13,23/04/2021,17:00,3.240972222,0,Male_neg_RU_PBS
S106,TotM,neg_RU,Male,PBS,8,Vial_16,10,Mated,PBS,20/04/2021,11:13,23/04/2021,17:00,3.240972222,0,Male_neg_RU_PBS
S106,TotM,pos_RU,Female,PBS,1,Vial_17,1,Mated,PBS,20/04/2021,11:24,23/04/2021,17:00,3.233333333,0,Female_pos_RU_PBS
S106,TotM,pos_RU,Female,PBS,1,Vial_17,2,Mated,PBS,20/04/2021,11:24,23/04/2021,17:00,3.233333333,0,Female_pos_RU_PBS
S106,TotM,pos_RU,Female,PBS,1,Vial_17,3,Mated,PBS,20/04/2021,11:24,23/04/2021,17:00,3.233333333,0,Female_pos_RU_PBS
S106,TotM,pos_RU,Female,PBS,1,Vial_17,4,Mated,PBS,20/04/2021,11:24,23/04/2021,17:00,3.233333333,0,Female_pos_RU_PBS
S106,TotM,pos_RU,Female,PBS,1,Vial_17,5,Mated,PBS,20/04/2021,11:24,23/04/2021,17:00,3.233333333,0,Female_pos_RU_PBS
S106,TotM,pos_RU,Female,PBS,1,Vial_17,6,Mated,PBS,20/04/2021,11:24,23/04/2021,17:00,3.233333333,0,Female_pos_RU_PBS
S106,TotM,pos_RU,Female,PBS,1,Vial_17,7,Mated,PBS,20/04/2021,11:24,23/04/2021,17:00,3.233333333,0,Female_pos_RU_PBS
S106,TotM,pos_RU,Female,PBS,1,Vial_17,8,Mated,PBS,20/04/2021,11:24,23/04/2021,17:00,3.233333333,0,Female_pos_RU_PBS
S106,TotM,pos_RU,Female,PBS,1,Vial_17,9,Mated,PBS,20/04/2021,11:24,23/04/2021,17:00,3.233333333,0,Female_pos_RU_PBS
S106,TotM,pos_RU,Female,PBS,1,Vial_17,10,Mated,PBS,20/04/2021,11:24,23/04/2021,17:00,3.233333333,0,Female_pos_RU_PBS
S106,TotM,pos_RU,Female,PBS,2,Vial_18,1,Mated,PBS,20/04/2021,11:28,21/04/2021,14:45,1.136805556,1,Female_pos_RU_PBS
S106,TotM,pos_RU,Female,PBS,2,Vial_18,2,Mated,PBS,20/04/2021,11:28,23/04/2021,17:00,3.230555556,0,Female_pos_RU_PBS
S106,TotM,pos_RU,Female,PBS,2,Vial_18,3,Mated,PBS,20/04/2021,11:28,23/04/2021,17:00,3.230555556,0,Female_pos_RU_PBS
S106,TotM,pos_RU,Female,PBS,2,Vial_18,4,Mated,PBS,20/04/2021,11:28,23/04/2021,17:00,3.230555556,0,Female_pos_RU_PBS
S106,TotM,pos_RU,Female,PBS,2,Vial_18,5,Mated,PBS,20/04/2021,11:28,23/04/2021,17:00,3.230555556,0,Female_pos_RU_PBS
S106,TotM,pos_RU,Female,PBS,2,Vial_18,6,Mated,PBS,20/04/2021,11:28,23/04/2021,17:00,3.230555556,0,Female_pos_RU_PBS
S106,TotM,pos_RU,Female,PBS,2,Vial_18,7,Mated,PBS,20/04/2021,11:28,23/04/2021,17:00,3.230555556,0,Female_pos_RU_PBS
S106,TotM,pos_RU,Female,PBS,2,Vial_18,8,Mated,PBS,20/04/2021,11:28,23/04/2021,17:00,3.230555556,0,Female_pos_RU_PBS
S106,TotM,pos_RU,Female,PBS,2,Vial_18,9,Mated,PBS,20/04/2021,11:28,23/04/2021,17:00,3.230555556,0,Female_pos_RU_PBS
S106,TotM,pos_RU,Female,PBS,2,Vial_18,10,Mated,PBS,20/04/2021,11:28,23/04/2021,17:00,3.230555556,0,Female_pos_RU_PBS
S106,TotM,pos_RU,Female,PBS,3,Vial_19,1,Mated,PBS,20/04/2021,11:31,23/04/2021,17:00,3.228472222,0,Female_pos_RU_PBS
S106,TotM,pos_RU,Female,PBS,3,Vial_19,2,Mated,PBS,20/04/2021,11:31,23/04/2021,17:00,3.228472222,0,Female_pos_RU_PBS
S106,TotM,pos_RU,Female,PBS,3,Vial_19,3,Mated,PBS,20/04/2021,11:31,23/04/2021,17:00,3.228472222,0,Female_pos_RU_PBS
S106,TotM,pos_RU,Female,PBS,3,Vial_19,4,Mated,PBS,20/04/2021,11:31,23/04/2021,17:00,3.228472222,0,Female_pos_RU_PBS
S106,TotM,pos_RU,Female,PBS,3,Vial_19,5,Mated,PBS,20/04/2021,11:31,23/04/2021,17:00,3.228472222,0,Female_pos_RU_PBS
S106,TotM,pos_RU,Female,PBS,3,Vial_19,6,Mated,PBS,20/04/2021,11:31,23/04/2021,17:00,3.228472222,0,Female_pos_RU_PBS
S106,TotM,pos_RU,Female,PBS,3,Vial_19,7,Mated,PBS,20/04/2021,11:31,23/04/2021,17:00,3.228472222,0,Female_pos_RU_PBS
S106,TotM,pos_RU,Female,PBS,3,Vial_19,8,Mated,PBS,20/04/2021,11:31,23/04/2021,17:00,3.228472222,0,Female_pos_RU_PBS
S106,TotM,pos_RU,Female,PBS,3,Vial_19,9,Mated,PBS,20/04/2021,11:31,23/04/2021,17:00,3.228472222,0,Female_pos_RU_PBS
S106,TotM,pos_RU,Female,PBS,3,Vial_19,10,Mated,PBS,20/04/2021,11:31,23/04/2021,17:00,3.228472222,0,Female_pos_RU_PBS
S106,TotM,pos_RU,Female,PBS,4,Vial_20,1,Mated,PBS,20/04/2021,11:35,21/04/2021,09:20,0.90625,1,Female_pos_RU_PBS
S106,TotM,pos_RU,Female,PBS,4,Vial_20,2,Mated,PBS,20/04/2021,11:35,23/04/2021,17:00,3.225694444,0,Female_pos_RU_PBS
S106,TotM,pos_RU,Female,PBS,4,Vial_20,3,Mated,PBS,20/04/2021,11:35,23/04/2021,17:00,3.225694444,0,Female_pos_RU_PBS
S106,TotM,pos_RU,Female,PBS,4,Vial_20,4,Mated,PBS,20/04/2021,11:35,23/04/2021,17:00,3.225694444,0,Female_pos_RU_PBS
S106,TotM,pos_RU,Female,PBS,4,Vial_20,5,Mated,PBS,20/04/2021,11:35,23/04/2021,17:00,3.225694444,0,Female_pos_RU_PBS
S106,TotM,pos_RU,Female,PBS,4,Vial_20,6,Mated,PBS,20/04/2021,11:35,23/04/2021,17:00,3.225694444,0,Female_pos_RU_PBS
S106,TotM,pos_RU,Female,PBS,4,Vial_20,7,Mated,PBS,20/04/2021,11:35,23/04/2021,17:00,3.225694444,0,Female_pos_RU_PBS
S106,TotM,pos_RU,Female,PBS,4,Vial_20,8,Mated,PBS,20/04/2021,11:35,23/04/2021,17:00,3.225694444,0,Female_pos_RU_PBS
S106,TotM,pos_RU,Female,PBS,4,Vial_20,9,Mated,PBS,20/04/2021,11:35,23/04/2021,17:00,3.225694444,0,Female_pos_RU_PBS
S106,TotM,pos_RU,Female,PBS,4,Vial_20,10,Mated,PBS,20/04/2021,11:35,23/04/2021,17:00,3.225694444,0,Female_pos_RU_PBS
S106,TotM,pos_RU,Female,PBS,5,Vial_21,1,Mated,PBS,20/04/2021,11:38,21/04/2021,12:15,1.025694444,1,Female_pos_RU_PBS
S106,TotM,pos_RU,Female,PBS,5,Vial_21,2,Mated,PBS,20/04/2021,11:38,22/04/2021,14:00,2.098611111,1,Female_pos_RU_PBS
S106,TotM,pos_RU,Female,PBS,5,Vial_21,3,Mated,PBS,20/04/2021,11:38,23/04/2021,17:00,3.223611111,0,Female_pos_RU_PBS
S106,TotM,pos_RU,Female,PBS,5,Vial_21,4,Mated,PBS,20/04/2021,11:38,23/04/2021,17:00,3.223611111,0,Female_pos_RU_PBS
S106,TotM,pos_RU,Female,PBS,5,Vial_21,5,Mated,PBS,20/04/2021,11:38,23/04/2021,17:00,3.223611111,0,Female_pos_RU_PBS
S106,TotM,pos_RU,Female,PBS,5,Vial_21,6,Mated,PBS,20/04/2021,11:38,23/04/2021,17:00,3.223611111,0,Female_pos_RU_PBS
S106,TotM,pos_RU,Female,PBS,5,Vial_21,7,Mated,PBS,20/04/2021,11:38,23/04/2021,17:00,3.223611111,0,Female_pos_RU_PBS
S106,TotM,pos_RU,Female,PBS,5,Vial_21,8,Mated,PBS,20/04/2021,11:38,23/04/2021,17:00,3.223611111,0,Female_pos_RU_PBS
S106,TotM,pos_RU,Female,PBS,5,Vial_21,9,Mated,PBS,20/04/2021,11:38,23/04/2021,17:00,3.223611111,0,Female_pos_RU_PBS
S106,TotM,pos_RU,Female,PBS,5,Vial_21,10,Mated,PBS,20/04/2021,11:38,23/04/2021,17:00,3.223611111,0,Female_pos_RU_PBS
S106,TotM,pos_RU,Female,PBS,6,Vial_22,1,Mated,PBS,20/04/2021,11:40,22/04/2021,09:30,1.909722222,1,Female_pos_RU_PBS
S106,TotM,pos_RU,Female,PBS,6,Vial_22,2,Mated,PBS,20/04/2021,11:40,22/04/2021,12:00,2.013888889,1,Female_pos_RU_PBS
S106,TotM,pos_RU,Female,PBS,6,Vial_22,3,Mated,PBS,20/04/2021,11:40,23/04/2021,17:00,3.222222222,0,Female_pos_RU_PBS
S106,TotM,pos_RU,Female,PBS,6,Vial_22,4,Mated,PBS,20/04/2021,11:40,23/04/2021,17:00,3.222222222,0,Female_pos_RU_PBS
S106,TotM,pos_RU,Female,PBS,6,Vial_22,5,Mated,PBS,20/04/2021,11:40,23/04/2021,17:00,3.222222222,0,Female_pos_RU_PBS
S106,TotM,pos_RU,Female,PBS,6,Vial_22,6,Mated,PBS,20/04/2021,11:40,23/04/2021,17:00,3.222222222,0,Female_pos_RU_PBS
S106,TotM,pos_RU,Female,PBS,6,Vial_22,7,Mated,PBS,20/04/2021,11:40,23/04/2021,17:00,3.222222222,0,Female_pos_RU_PBS
S106,TotM,pos_RU,Female,PBS,6,Vial_22,8,Mated,PBS,20/04/2021,11:40,23/04/2021,17:00,3.222222222,0,Female_pos_RU_PBS
S106,TotM,pos_RU,Female,PBS,6,Vial_22,9,Mated,PBS,20/04/2021,11:40,23/04/2021,17:00,3.222222222,0,Female_pos_RU_PBS
S106,TotM,pos_RU,Female,PBS,6,Vial_22,10,Mated,PBS,20/04/2021,11:40,23/04/2021,17:00,3.222222222,0,Female_pos_RU_PBS
S106,TotM,pos_RU,Female,PBS,7,Vial_23,1,Mated,PBS,20/04/2021,11:43,23/04/2021,17:00,3.220138889,0,Female_pos_RU_PBS
S106,TotM,pos_RU,Female,PBS,7,Vial_23,2,Mated,PBS,20/04/2021,11:43,23/04/2021,17:00,3.220138889,0,Female_pos_RU_PBS
S106,TotM,pos_RU,Female,PBS,7,Vial_23,3,Mated,PBS,20/04/2021,11:43,23/04/2021,17:00,3.220138889,0,Female_pos_RU_PBS
S106,TotM,pos_RU,Female,PBS,7,Vial_23,4,Mated,PBS,20/04/2021,11:43,23/04/2021,17:00,3.220138889,0,Female_pos_RU_PBS
S106,TotM,pos_RU,Female,PBS,7,Vial_23,5,Mated,PBS,20/04/2021,11:43,23/04/2021,17:00,3.220138889,0,Female_pos_RU_PBS
S106,TotM,pos_RU,Female,PBS,7,Vial_23,6,Mated,PBS,20/04/2021,11:43,23/04/2021,17:00,3.220138889,0,Female_pos_RU_PBS
S106,TotM,pos_RU,Female,PBS,7,Vial_23,7,Mated,PBS,20/04/2021,11:43,23/04/2021,17:00,3.220138889,0,Female_pos_RU_PBS
S106,TotM,pos_RU,Female,PBS,7,Vial_23,8,Mated,PBS,20/04/2021,11:43,23/04/2021,17:00,3.220138889,0,Female_pos_RU_PBS
S106,TotM,pos_RU,Female,PBS,7,Vial_23,9,Mated,PBS,20/04/2021,11:43,23/04/2021,17:00,3.220138889,0,Female_pos_RU_PBS
S106,TotM,pos_RU,Female,PBS,7,Vial_23,10,Mated,PBS,20/04/2021,11:43,23/04/2021,17:00,3.220138889,0,Female_pos_RU_PBS
S106,TotM,pos_RU,Female,PBS,8,Vial_24,1,Mated,PBS,20/04/2021,11:47,21/04/2021,12:15,1.019444444,1,Female_pos_RU_PBS
S106,TotM,pos_RU,Female,PBS,8,Vial_24,2,Mated,PBS,20/04/2021,11:47,22/04/2021,09:30,1.904861111,1,Female_pos_RU_PBS
S106,TotM,pos_RU,Female,PBS,8,Vial_24,3,Mated,PBS,20/04/2021,11:47,23/04/2021,17:00,3.217361111,0,Female_pos_RU_PBS
S106,TotM,pos_RU,Female,PBS,8,Vial_24,4,Mated,PBS,20/04/2021,11:47,23/04/2021,17:00,3.217361111,0,Female_pos_RU_PBS
S106,TotM,pos_RU,Female,PBS,8,Vial_24,5,Mated,PBS,20/04/2021,11:47,23/04/2021,17:00,3.217361111,0,Female_pos_RU_PBS
S106,TotM,pos_RU,Female,PBS,8,Vial_24,6,Mated,PBS,20/04/2021,11:47,23/04/2021,17:00,3.217361111,0,Female_pos_RU_PBS
S106,TotM,pos_RU,Female,PBS,8,Vial_24,7,Mated,PBS,20/04/2021,11:47,23/04/2021,17:00,3.217361111,0,Female_pos_RU_PBS
S106,TotM,pos_RU,Female,PBS,8,Vial_24,8,Mated,PBS,20/04/2021,11:47,23/04/2021,17:00,3.217361111,0,Female_pos_RU_PBS
S106,TotM,pos_RU,Female,PBS,8,Vial_24,9,Mated,PBS,20/04/2021,11:47,23/04/2021,17:00,3.217361111,0,Female_pos_RU_PBS
S106,TotM,pos_RU,Female,PBS,8,Vial_24,10,Mated,PBS,20/04/2021,11:47,23/04/2021,17:00,3.217361111,0,Female_pos_RU_PBS
S106,TotM,pos_RU,Male,PBS,1,Vial_25,1,Mated,PBS,20/04/2021,11:55,22/04/2021,09:30,1.899305556,1,Male_pos_RU_PBS
S106,TotM,pos_RU,Male,PBS,1,Vial_25,2,Mated,PBS,20/04/2021,11:55,23/04/2021,17:00,3.211805556,0,Male_pos_RU_PBS
S106,TotM,pos_RU,Male,PBS,1,Vial_25,3,Mated,PBS,20/04/2021,11:55,23/04/2021,17:00,3.211805556,0,Male_pos_RU_PBS
S106,TotM,pos_RU,Male,PBS,1,Vial_25,4,Mated,PBS,20/04/2021,11:55,23/04/2021,17:00,3.211805556,0,Male_pos_RU_PBS
S106,TotM,pos_RU,Male,PBS,1,Vial_25,5,Mated,PBS,20/04/2021,11:55,23/04/2021,17:00,3.211805556,0,Male_pos_RU_PBS
S106,TotM,pos_RU,Male,PBS,1,Vial_25,6,Mated,PBS,20/04/2021,11:55,23/04/2021,17:00,3.211805556,0,Male_pos_RU_PBS
S106,TotM,pos_RU,Male,PBS,1,Vial_25,7,Mated,PBS,20/04/2021,11:55,23/04/2021,17:00,3.211805556,0,Male_pos_RU_PBS
S106,TotM,pos_RU,Male,PBS,1,Vial_25,8,Mated,PBS,20/04/2021,11:55,23/04/2021,17:00,3.211805556,0,Male_pos_RU_PBS
S106,TotM,pos_RU,Male,PBS,1,Vial_25,9,Mated,PBS,20/04/2021,11:55,23/04/2021,17:00,3.211805556,0,Male_pos_RU_PBS
S106,TotM,pos_RU,Male,PBS,1,Vial_25,10,Mated,PBS,20/04/2021,11:55,23/04/2021,17:00,3.211805556,0,Male_pos_RU_PBS
S106,TotM,pos_RU,Male,PBS,2,Vial_26,1,Mated,PBS,20/04/2021,11:59,23/04/2021,17:00,3.209027778,0,Male_pos_RU_PBS
S106,TotM,pos_RU,Male,PBS,2,Vial_26,2,Mated,PBS,20/04/2021,11:59,23/04/2021,17:00,3.209027778,0,Male_pos_RU_PBS
S106,TotM,pos_RU,Male,PBS,2,Vial_26,3,Mated,PBS,20/04/2021,11:59,23/04/2021,17:00,3.209027778,0,Male_pos_RU_PBS
S106,TotM,pos_RU,Male,PBS,2,Vial_26,4,Mated,PBS,20/04/2021,11:59,23/04/2021,17:00,3.209027778,0,Male_pos_RU_PBS
S106,TotM,pos_RU,Male,PBS,2,Vial_26,5,Mated,PBS,20/04/2021,11:59,23/04/2021,17:00,3.209027778,0,Male_pos_RU_PBS
S106,TotM,pos_RU,Male,PBS,2,Vial_26,6,Mated,PBS,20/04/2021,11:59,23/04/2021,17:00,3.209027778,0,Male_pos_RU_PBS
S106,TotM,pos_RU,Male,PBS,2,Vial_26,7,Mated,PBS,20/04/2021,11:59,23/04/2021,17:00,3.209027778,0,Male_pos_RU_PBS
S106,TotM,pos_RU,Male,PBS,2,Vial_26,8,Mated,PBS,20/04/2021,11:59,23/04/2021,17:00,3.209027778,0,Male_pos_RU_PBS
S106,TotM,pos_RU,Male,PBS,2,Vial_26,9,Mated,PBS,20/04/2021,11:59,23/04/2021,17:00,3.209027778,0,Male_pos_RU_PBS
S106,TotM,pos_RU,Male,PBS,2,Vial_26,10,Mated,PBS,20/04/2021,11:59,23/04/2021,17:00,3.209027778,0,Male_pos_RU_PBS
S106,TotM,pos_RU,Male,PBS,3,Vial_27,1,Mated,PBS,20/04/2021,12:02,21/04/2021,12:15,1.009027778,1,Male_pos_RU_PBS
S106,TotM,pos_RU,Male,PBS,3,Vial_27,2,Mated,PBS,20/04/2021,12:02,23/04/2021,17:00,3.206944444,0,Male_pos_RU_PBS
S106,TotM,pos_RU,Male,PBS,3,Vial_27,3,Mated,PBS,20/04/2021,12:02,23/04/2021,17:00,3.206944444,0,Male_pos_RU_PBS
S106,TotM,pos_RU,Male,PBS,3,Vial_27,4,Mated,PBS,20/04/2021,12:02,23/04/2021,17:00,3.206944444,0,Male_pos_RU_PBS
S106,TotM,pos_RU,Male,PBS,3,Vial_27,5,Mated,PBS,20/04/2021,12:02,23/04/2021,17:00,3.206944444,0,Male_pos_RU_PBS
S106,TotM,pos_RU,Male,PBS,3,Vial_27,6,Mated,PBS,20/04/2021,12:02,23/04/2021,17:00,3.206944444,0,Male_pos_RU_PBS
S106,TotM,pos_RU,Male,PBS,3,Vial_27,7,Mated,PBS,20/04/2021,12:02,23/04/2021,17:00,3.206944444,0,Male_pos_RU_PBS
S106,TotM,pos_RU,Male,PBS,3,Vial_27,8,Mated,PBS,20/04/2021,12:02,23/04/2021,17:00,3.206944444,0,Male_pos_RU_PBS
S106,TotM,pos_RU,Male,PBS,3,Vial_27,9,Mated,PBS,20/04/2021,12:02,23/04/2021,17:00,3.206944444,0,Male_pos_RU_PBS
S106,TotM,pos_RU,Male,PBS,3,Vial_27,10,Mated,PBS,20/04/2021,12:02,23/04/2021,17:00,3.206944444,0,Male_pos_RU_PBS
S106,TotM,pos_RU,Male,PBS,4,Vial_28,1,Mated,PBS,20/04/2021,12:06,23/04/2021,17:00,3.204166667,0,Male_pos_RU_PBS
S106,TotM,pos_RU,Male,PBS,4,Vial_28,2,Mated,PBS,20/04/2021,12:06,23/04/2021,17:00,3.204166667,0,Male_pos_RU_PBS
S106,TotM,pos_RU,Male,PBS,4,Vial_28,3,Mated,PBS,20/04/2021,12:06,23/04/2021,17:00,3.204166667,0,Male_pos_RU_PBS
S106,TotM,pos_RU,Male,PBS,4,Vial_28,4,Mated,PBS,20/04/2021,12:06,23/04/2021,17:00,3.204166667,0,Male_pos_RU_PBS
S106,TotM,pos_RU,Male,PBS,4,Vial_28,5,Mated,PBS,20/04/2021,12:06,23/04/2021,17:00,3.204166667,0,Male_pos_RU_PBS
S106,TotM,pos_RU,Male,PBS,4,Vial_28,6,Mated,PBS,20/04/2021,12:06,23/04/2021,17:00,3.204166667,0,Male_pos_RU_PBS
S106,TotM,pos_RU,Male,PBS,4,Vial_28,7,Mated,PBS,20/04/2021,12:06,23/04/2021,17:00,3.204166667,0,Male_pos_RU_PBS
S106,TotM,pos_RU,Male,PBS,4,Vial_28,8,Mated,PBS,20/04/2021,12:06,23/04/2021,17:00,3.204166667,0,Male_pos_RU_PBS
S106,TotM,pos_RU,Male,PBS,4,Vial_28,9,Mated,PBS,20/04/2021,12:06,23/04/2021,17:00,3.204166667,0,Male_pos_RU_PBS
S106,TotM,pos_RU,Male,PBS,4,Vial_28,10,Mated,PBS,20/04/2021,12:06,23/04/2021,17:00,3.204166667,0,Male_pos_RU_PBS
S106,TotM,pos_RU,Male,PBS,5,Vial_29,1,Mated,PBS,20/04/2021,12:09,21/04/2021,09:20,0.882638889,1,Male_pos_RU_PBS
S106,TotM,pos_RU,Male,PBS,5,Vial_29,2,Mated,PBS,20/04/2021,12:09,22/04/2021,09:30,1.889583333,1,Male_pos_RU_PBS
S106,TotM,pos_RU,Male,PBS,5,Vial_29,3,Mated,PBS,20/04/2021,12:09,23/04/2021,13:15,3.045833333,1,Male_pos_RU_PBS
S106,TotM,pos_RU,Male,PBS,5,Vial_29,4,Mated,PBS,20/04/2021,12:09,23/04/2021,17:00,3.202083333,0,Male_pos_RU_PBS
S106,TotM,pos_RU,Male,PBS,5,Vial_29,5,Mated,PBS,20/04/2021,12:09,23/04/2021,17:00,3.202083333,0,Male_pos_RU_PBS
S106,TotM,pos_RU,Male,PBS,5,Vial_29,6,Mated,PBS,20/04/2021,12:09,23/04/2021,17:00,3.202083333,0,Male_pos_RU_PBS
S106,TotM,pos_RU,Male,PBS,5,Vial_29,7,Mated,PBS,20/04/2021,12:09,23/04/2021,17:00,3.202083333,0,Male_pos_RU_PBS
S106,TotM,pos_RU,Male,PBS,5,Vial_29,8,Mated,PBS,20/04/2021,12:09,23/04/2021,17:00,3.202083333,0,Male_pos_RU_PBS
S106,TotM,pos_RU,Male,PBS,5,Vial_29,9,Mated,PBS,20/04/2021,12:09,23/04/2021,17:00,3.202083333,0,Male_pos_RU_PBS
S106,TotM,pos_RU,Male,PBS,5,Vial_29,10,Mated,PBS,20/04/2021,12:09,23/04/2021,17:00,3.202083333,0,Male_pos_RU_PBS
S106,TotM,pos_RU,Male,PBS,6,Vial_30,1,Mated,PBS,20/04/2021,12:19,21/04/2021,09:20,0.875694444,1,Male_pos_RU_PBS
S106,TotM,pos_RU,Male,PBS,6,Vial_30,2,Mated,PBS,20/04/2021,12:19,23/04/2021,17:00,3.195138889,0,Male_pos_RU_PBS
S106,TotM,pos_RU,Male,PBS,6,Vial_30,3,Mated,PBS,20/04/2021,12:19,23/04/2021,17:00,3.195138889,0,Male_pos_RU_PBS
S106,TotM,pos_RU,Male,PBS,6,Vial_30,4,Mated,PBS,20/04/2021,12:19,23/04/2021,17:00,3.195138889,0,Male_pos_RU_PBS
S106,TotM,pos_RU,Male,PBS,6,Vial_30,5,Mated,PBS,20/04/2021,12:19,23/04/2021,17:00,3.195138889,0,Male_pos_RU_PBS
S106,TotM,pos_RU,Male,PBS,6,Vial_30,6,Mated,PBS,20/04/2021,12:19,23/04/2021,17:00,3.195138889,0,Male_pos_RU_PBS
S106,TotM,pos_RU,Male,PBS,6,Vial_30,7,Mated,PBS,20/04/2021,12:19,23/04/2021,17:00,3.195138889,0,Male_pos_RU_PBS
S106,TotM,pos_RU,Male,PBS,6,Vial_30,8,Mated,PBS,20/04/2021,12:19,23/04/2021,17:00,3.195138889,0,Male_pos_RU_PBS
S106,TotM,pos_RU,Male,PBS,6,Vial_30,9,Mated,PBS,20/04/2021,12:19,23/04/2021,17:00,3.195138889,0,Male_pos_RU_PBS
S106,TotM,pos_RU,Male,PBS,6,Vial_30,10,Mated,PBS,20/04/2021,12:19,23/04/2021,17:00,3.195138889,0,Male_pos_RU_PBS
S106,TotM,pos_RU,Male,PBS,7,Vial_31,1,Mated,PBS,20/04/2021,12:23,23/04/2021,09:30,2.879861111,1,Male_pos_RU_PBS
S106,TotM,pos_RU,Male,PBS,7,Vial_31,2,Mated,PBS,20/04/2021,12:23,23/04/2021,17:00,3.192361111,0,Male_pos_RU_PBS
S106,TotM,pos_RU,Male,PBS,7,Vial_31,3,Mated,PBS,20/04/2021,12:23,23/04/2021,17:00,3.192361111,0,Male_pos_RU_PBS
S106,TotM,pos_RU,Male,PBS,7,Vial_31,4,Mated,PBS,20/04/2021,12:23,23/04/2021,17:00,3.192361111,0,Male_pos_RU_PBS
S106,TotM,pos_RU,Male,PBS,7,Vial_31,5,Mated,PBS,20/04/2021,12:23,23/04/2021,17:00,3.192361111,0,Male_pos_RU_PBS
S106,TotM,pos_RU,Male,PBS,7,Vial_31,6,Mated,PBS,20/04/2021,12:23,23/04/2021,17:00,3.192361111,0,Male_pos_RU_PBS
S106,TotM,pos_RU,Male,PBS,7,Vial_31,7,Mated,PBS,20/04/2021,12:23,23/04/2021,17:00,3.192361111,0,Male_pos_RU_PBS
S106,TotM,pos_RU,Male,PBS,7,Vial_31,8,Mated,PBS,20/04/2021,12:23,23/04/2021,17:00,3.192361111,0,Male_pos_RU_PBS
S106,TotM,pos_RU,Male,PBS,7,Vial_31,9,Mated,PBS,20/04/2021,12:23,23/04/2021,17:00,3.192361111,0,Male_pos_RU_PBS
S106,TotM,pos_RU,Male,PBS,7,Vial_31,10,Mated,PBS,20/04/2021,12:23,23/04/2021,17:00,3.192361111,0,Male_pos_RU_PBS
S106,TotM,pos_RU,Male,PBS,8,Vial_32,1,Mated,PBS,20/04/2021,12:27,23/04/2021,17:00,3.189583333,0,Male_pos_RU_PBS
S106,TotM,pos_RU,Male,PBS,8,Vial_32,2,Mated,PBS,20/04/2021,12:27,23/04/2021,17:00,3.189583333,0,Male_pos_RU_PBS
S106,TotM,pos_RU,Male,PBS,8,Vial_32,3,Mated,PBS,20/04/2021,12:27,23/04/2021,17:00,3.189583333,0,Male_pos_RU_PBS
S106,TotM,pos_RU,Male,PBS,8,Vial_32,4,Mated,PBS,20/04/2021,12:27,23/04/2021,17:00,3.189583333,0,Male_pos_RU_PBS
S106,TotM,pos_RU,Male,PBS,8,Vial_32,5,Mated,PBS,20/04/2021,12:27,23/04/2021,17:00,3.189583333,0,Male_pos_RU_PBS
S106,TotM,pos_RU,Male,PBS,8,Vial_32,6,Mated,PBS,20/04/2021,12:27,23/04/2021,17:00,3.189583333,0,Male_pos_RU_PBS
S106,TotM,pos_RU,Male,PBS,8,Vial_32,7,Mated,PBS,20/04/2021,12:27,23/04/2021,17:00,3.189583333,0,Male_pos_RU_PBS
S106,TotM,pos_RU,Male,PBS,8,Vial_32,8,Mated,PBS,20/04/2021,12:27,23/04/2021,17:00,3.189583333,0,Male_pos_RU_PBS
S106,TotM,pos_RU,Male,PBS,8,Vial_32,9,Mated,PBS,20/04/2021,12:27,23/04/2021,17:00,3.189583333,0,Male_pos_RU_PBS
S106,TotM,pos_RU,Male,PBS,8,Vial_32,10,Mated,PBS,20/04/2021,12:27,23/04/2021,17:00,3.189583333,0,Male_pos_RU_PBS
S106,TotM,neg_RU,Female,P_rettgeri,1,Vial_33,1,Mated,0.1,20/04/2021,13:06,21/04/2021,09:20,0.843055556,1,Female_neg_RU_P_rettgeri
S106,TotM,neg_RU,Female,P_rettgeri,1,Vial_33,2,Mated,0.1,20/04/2021,13:06,21/04/2021,09:20,0.843055556,1,Female_neg_RU_P_rettgeri
S106,TotM,neg_RU,Female,P_rettgeri,1,Vial_33,3,Mated,0.1,20/04/2021,13:06,21/04/2021,09:20,0.843055556,1,Female_neg_RU_P_rettgeri
S106,TotM,neg_RU,Female,P_rettgeri,1,Vial_33,4,Mated,0.1,20/04/2021,13:06,21/04/2021,09:20,0.843055556,1,Female_neg_RU_P_rettgeri
S106,TotM,neg_RU,Female,P_rettgeri,1,Vial_33,5,Mated,0.1,20/04/2021,13:06,21/04/2021,09:20,0.843055556,1,Female_neg_RU_P_rettgeri
S106,TotM,neg_RU,Female,P_rettgeri,1,Vial_33,6,Mated,0.1,20/04/2021,13:06,23/04/2021,17:00,3.1625,0,Female_neg_RU_P_rettgeri
S106,TotM,neg_RU,Female,P_rettgeri,1,Vial_33,7,Mated,0.1,20/04/2021,13:06,23/04/2021,17:00,3.1625,0,Female_neg_RU_P_rettgeri
S106,TotM,neg_RU,Female,P_rettgeri,1,Vial_33,8,Mated,0.1,20/04/2021,13:06,23/04/2021,17:00,3.1625,0,Female_neg_RU_P_rettgeri
S106,TotM,neg_RU,Female,P_rettgeri,1,Vial_33,9,Mated,0.1,20/04/2021,13:06,23/04/2021,17:00,3.1625,0,Female_neg_RU_P_rettgeri
S106,TotM,neg_RU,Female,P_rettgeri,1,Vial_33,10,Mated,0.1,20/04/2021,13:06,23/04/2021,17:00,3.1625,0,Female_neg_RU_P_rettgeri
S106,TotM,neg_RU,Female,P_rettgeri,2,Vial_34,1,Mated,0.1,20/04/2021,13:09,21/04/2021,09:20,0.840972222,1,Female_neg_RU_P_rettgeri
S106,TotM,neg_RU,Female,P_rettgeri,2,Vial_34,2,Mated,0.1,20/04/2021,13:09,21/04/2021,09:20,0.840972222,1,Female_neg_RU_P_rettgeri
S106,TotM,neg_RU,Female,P_rettgeri,2,Vial_34,3,Mated,0.1,20/04/2021,13:09,23/04/2021,17:00,3.160416667,0,Female_neg_RU_P_rettgeri
S106,TotM,neg_RU,Female,P_rettgeri,2,Vial_34,4,Mated,0.1,20/04/2021,13:09,23/04/2021,17:00,3.160416667,0,Female_neg_RU_P_rettgeri
S106,TotM,neg_RU,Female,P_rettgeri,2,Vial_34,5,Mated,0.1,20/04/2021,13:09,23/04/2021,17:00,3.160416667,0,Female_neg_RU_P_rettgeri
S106,TotM,neg_RU,Female,P_rettgeri,2,Vial_34,6,Mated,0.1,20/04/2021,13:09,23/04/2021,17:00,3.160416667,0,Female_neg_RU_P_rettgeri
S106,TotM,neg_RU,Female,P_rettgeri,2,Vial_34,7,Mated,0.1,20/04/2021,13:09,23/04/2021,17:00,3.160416667,0,Female_neg_RU_P_rettgeri
S106,TotM,neg_RU,Female,P_rettgeri,2,Vial_34,8,Mated,0.1,20/04/2021,13:09,23/04/2021,17:00,3.160416667,0,Female_neg_RU_P_rettgeri
S106,TotM,neg_RU,Female,P_rettgeri,2,Vial_34,9,Mated,0.1,20/04/2021,13:09,23/04/2021,17:00,3.160416667,0,Female_neg_RU_P_rettgeri
S106,TotM,neg_RU,Female,P_rettgeri,2,Vial_34,10,Mated,0.1,20/04/2021,13:09,23/04/2021,17:00,3.160416667,0,Female_neg_RU_P_rettgeri
S106,TotM,neg_RU,Female,P_rettgeri,3,Vial_35,1,Mated,0.1,20/04/2021,13:12,21/04/2021,09:20,0.838888889,1,Female_neg_RU_P_rettgeri
S106,TotM,neg_RU,Female,P_rettgeri,3,Vial_35,2,Mated,0.1,20/04/2021,13:12,21/04/2021,09:20,0.838888889,1,Female_neg_RU_P_rettgeri
S106,TotM,neg_RU,Female,P_rettgeri,3,Vial_35,3,Mated,0.1,20/04/2021,13:12,21/04/2021,09:20,0.838888889,1,Female_neg_RU_P_rettgeri
S106,TotM,neg_RU,Female,P_rettgeri,3,Vial_35,4,Mated,0.1,20/04/2021,13:12,21/04/2021,09:20,0.838888889,1,Female_neg_RU_P_rettgeri
S106,TotM,neg_RU,Female,P_rettgeri,3,Vial_35,5,Mated,0.1,20/04/2021,13:12,21/04/2021,09:20,0.838888889,1,Female_neg_RU_P_rettgeri
S106,TotM,neg_RU,Female,P_rettgeri,3,Vial_35,6,Mated,0.1,20/04/2021,13:12,21/04/2021,09:20,0.838888889,1,Female_neg_RU_P_rettgeri
S106,TotM,neg_RU,Female,P_rettgeri,3,Vial_35,7,Mated,0.1,20/04/2021,13:12,23/04/2021,17:00,3.158333333,0,Female_neg_RU_P_rettgeri
S106,TotM,neg_RU,Female,P_rettgeri,3,Vial_35,8,Mated,0.1,20/04/2021,13:12,23/04/2021,17:00,3.158333333,0,Female_neg_RU_P_rettgeri
S106,TotM,neg_RU,Female,P_rettgeri,3,Vial_35,9,Mated,0.1,20/04/2021,13:12,23/04/2021,17:00,3.158333333,0,Female_neg_RU_P_rettgeri
S106,TotM,neg_RU,Female,P_rettgeri,3,Vial_35,10,Mated,0.1,20/04/2021,13:12,23/04/2021,17:00,3.158333333,0,Female_neg_RU_P_rettgeri
S106,TotM,neg_RU,Female,P_rettgeri,4,Vial_36,1,Mated,0.1,20/04/2021,13:15,21/04/2021,09:20,0.836805556,1,Female_neg_RU_P_rettgeri
S106,TotM,neg_RU,Female,P_rettgeri,4,Vial_36,2,Mated,0.1,20/04/2021,13:15,21/04/2021,09:20,0.836805556,1,Female_neg_RU_P_rettgeri
S106,TotM,neg_RU,Female,P_rettgeri,4,Vial_36,3,Mated,0.1,20/04/2021,13:15,21/04/2021,09:20,0.836805556,1,Female_neg_RU_P_rettgeri
S106,TotM,neg_RU,Female,P_rettgeri,4,Vial_36,4,Mated,0.1,20/04/2021,13:15,21/04/2021,09:20,0.836805556,1,Female_neg_RU_P_rettgeri
S106,TotM,neg_RU,Female,P_rettgeri,4,Vial_36,5,Mated,0.1,20/04/2021,13:15,21/04/2021,12:15,0.958333333,1,Female_neg_RU_P_rettgeri
S106,TotM,neg_RU,Female,P_rettgeri,4,Vial_36,6,Mated,0.1,20/04/2021,13:15,23/04/2021,17:00,3.15625,0,Female_neg_RU_P_rettgeri
S106,TotM,neg_RU,Female,P_rettgeri,4,Vial_36,7,Mated,0.1,20/04/2021,13:15,23/04/2021,17:00,3.15625,0,Female_neg_RU_P_rettgeri
S106,TotM,neg_RU,Female,P_rettgeri,4,Vial_36,8,Mated,0.1,20/04/2021,13:15,23/04/2021,17:00,3.15625,0,Female_neg_RU_P_rettgeri
S106,TotM,neg_RU,Female,P_rettgeri,4,Vial_36,9,Mated,0.1,20/04/2021,13:15,23/04/2021,17:00,3.15625,0,Female_neg_RU_P_rettgeri
S106,TotM,neg_RU,Female,P_rettgeri,4,Vial_36,10,Mated,0.1,20/04/2021,13:15,23/04/2021,17:00,3.15625,0,Female_neg_RU_P_rettgeri
S106,TotM,neg_RU,Female,P_rettgeri,5,Vial_37,1,Mated,0.1,20/04/2021,13:18,21/04/2021,12:15,0.95625,1,Female_neg_RU_P_rettgeri
S106,TotM,neg_RU,Female,P_rettgeri,5,Vial_37,2,Mated,0.1,20/04/2021,13:18,21/04/2021,14:45,1.060416667,1,Female_neg_RU_P_rettgeri
S106,TotM,neg_RU,Female,P_rettgeri,5,Vial_37,3,Mated,0.1,20/04/2021,13:18,23/04/2021,17:00,3.154166667,0,Female_neg_RU_P_rettgeri
S106,TotM,neg_RU,Female,P_rettgeri,5,Vial_37,4,Mated,0.1,20/04/2021,13:18,23/04/2021,17:00,3.154166667,0,Female_neg_RU_P_rettgeri
S106,TotM,neg_RU,Female,P_rettgeri,5,Vial_37,5,Mated,0.1,20/04/2021,13:18,23/04/2021,17:00,3.154166667,0,Female_neg_RU_P_rettgeri
S106,TotM,neg_RU,Female,P_rettgeri,5,Vial_37,6,Mated,0.1,20/04/2021,13:18,23/04/2021,17:00,3.154166667,0,Female_neg_RU_P_rettgeri
S106,TotM,neg_RU,Female,P_rettgeri,5,Vial_37,7,Mated,0.1,20/04/2021,13:18,23/04/2021,17:00,3.154166667,0,Female_neg_RU_P_rettgeri
S106,TotM,neg_RU,Female,P_rettgeri,5,Vial_37,8,Mated,0.1,20/04/2021,13:18,23/04/2021,17:00,3.154166667,0,Female_neg_RU_P_rettgeri
S106,TotM,neg_RU,Female,P_rettgeri,5,Vial_37,9,Mated,0.1,20/04/2021,13:18,23/04/2021,17:00,3.154166667,0,Female_neg_RU_P_rettgeri
S106,TotM,neg_RU,Female,P_rettgeri,5,Vial_37,10,Mated,0.1,20/04/2021,13:18,23/04/2021,17:00,3.154166667,0,Female_neg_RU_P_rettgeri
S106,TotM,neg_RU,Female,P_rettgeri,6,Vial_38,1,Mated,0.1,20/04/2021,13:21,21/04/2021,09:20,0.832638889,1,Female_neg_RU_P_rettgeri
S106,TotM,neg_RU,Female,P_rettgeri,6,Vial_38,2,Mated,0.1,20/04/2021,13:21,23/04/2021,17:00,3.152083333,0,Female_neg_RU_P_rettgeri
S106,TotM,neg_RU,Female,P_rettgeri,6,Vial_38,3,Mated,0.1,20/04/2021,13:21,23/04/2021,17:00,3.152083333,0,Female_neg_RU_P_rettgeri
S106,TotM,neg_RU,Female,P_rettgeri,6,Vial_38,4,Mated,0.1,20/04/2021,13:21,23/04/2021,17:00,3.152083333,0,Female_neg_RU_P_rettgeri
S106,TotM,neg_RU,Female,P_rettgeri,6,Vial_38,5,Mated,0.1,20/04/2021,13:21,23/04/2021,17:00,3.152083333,0,Female_neg_RU_P_rettgeri
S106,TotM,neg_RU,Female,P_rettgeri,6,Vial_38,6,Mated,0.1,20/04/2021,13:21,23/04/2021,17:00,3.152083333,0,Female_neg_RU_P_rettgeri
S106,TotM,neg_RU,Female,P_rettgeri,6,Vial_38,7,Mated,0.1,20/04/2021,13:21,23/04/2021,17:00,3.152083333,0,Female_neg_RU_P_rettgeri
S106,TotM,neg_RU,Female,P_rettgeri,6,Vial_38,8,Mated,0.1,20/04/2021,13:21,23/04/2021,17:00,3.152083333,0,Female_neg_RU_P_rettgeri
S106,TotM,neg_RU,Female,P_rettgeri,6,Vial_38,9,Mated,0.1,20/04/2021,13:21,23/04/2021,17:00,3.152083333,0,Female_neg_RU_P_rettgeri
S106,TotM,neg_RU,Female,P_rettgeri,6,Vial_38,10,Mated,0.1,20/04/2021,13:21,23/04/2021,17:00,3.152083333,0,Female_neg_RU_P_rettgeri
S106,TotM,neg_RU,Female,P_rettgeri,7,Vial_39,1,Mated,0.1,20/04/2021,13:25,21/04/2021,09:20,0.829861111,1,Female_neg_RU_P_rettgeri
S106,TotM,neg_RU,Female,P_rettgeri,7,Vial_39,2,Mated,0.1,20/04/2021,13:25,21/04/2021,09:20,0.829861111,1,Female_neg_RU_P_rettgeri
S106,TotM,neg_RU,Female,P_rettgeri,7,Vial_39,3,Mated,0.1,20/04/2021,13:25,21/04/2021,09:20,0.829861111,1,Female_neg_RU_P_rettgeri
S106,TotM,neg_RU,Female,P_rettgeri,7,Vial_39,4,Mated,0.1,20/04/2021,13:25,22/04/2021,12:00,1.940972222,1,Female_neg_RU_P_rettgeri
S106,TotM,neg_RU,Female,P_rettgeri,7,Vial_39,5,Mated,0.1,20/04/2021,13:25,23/04/2021,17:00,3.149305556,0,Female_neg_RU_P_rettgeri
S106,TotM,neg_RU,Female,P_rettgeri,7,Vial_39,6,Mated,0.1,20/04/2021,13:25,23/04/2021,17:00,3.149305556,0,Female_neg_RU_P_rettgeri
S106,TotM,neg_RU,Female,P_rettgeri,7,Vial_39,7,Mated,0.1,20/04/2021,13:25,23/04/2021,17:00,3.149305556,0,Female_neg_RU_P_rettgeri
S106,TotM,neg_RU,Female,P_rettgeri,7,Vial_39,8,Mated,0.1,20/04/2021,13:25,23/04/2021,17:00,3.149305556,0,Female_neg_RU_P_rettgeri
S106,TotM,neg_RU,Female,P_rettgeri,7,Vial_39,9,Mated,0.1,20/04/2021,13:25,23/04/2021,17:00,3.149305556,0,Female_neg_RU_P_rettgeri
S106,TotM,neg_RU,Female,P_rettgeri,7,Vial_39,10,Mated,0.1,20/04/2021,13:25,23/04/2021,17:00,3.149305556,0,Female_neg_RU_P_rettgeri
S106,TotM,neg_RU,Female,P_rettgeri,8,Vial_40,1,Mated,0.1,20/04/2021,13:28,21/04/2021,09:20,0.827777778,1,Female_neg_RU_P_rettgeri
S106,TotM,neg_RU,Female,P_rettgeri,8,Vial_40,2,Mated,0.1,20/04/2021,13:28,21/04/2021,09:20,0.827777778,1,Female_neg_RU_P_rettgeri
S106,TotM,neg_RU,Female,P_rettgeri,8,Vial_40,3,Mated,0.1,20/04/2021,13:28,21/04/2021,14:45,1.053472222,1,Female_neg_RU_P_rettgeri
S106,TotM,neg_RU,Female,P_rettgeri,8,Vial_40,4,Mated,0.1,20/04/2021,13:28,21/04/2021,14:45,1.053472222,1,Female_neg_RU_P_rettgeri
S106,TotM,neg_RU,Female,P_rettgeri,8,Vial_40,5,Mated,0.1,20/04/2021,13:28,23/04/2021,17:00,3.147222222,0,Female_neg_RU_P_rettgeri
S106,TotM,neg_RU,Female,P_rettgeri,8,Vial_40,6,Mated,0.1,20/04/2021,13:28,23/04/2021,17:00,3.147222222,0,Female_neg_RU_P_rettgeri
S106,TotM,neg_RU,Female,P_rettgeri,8,Vial_40,7,Mated,0.1,20/04/2021,13:28,23/04/2021,17:00,3.147222222,0,Female_neg_RU_P_rettgeri
S106,TotM,neg_RU,Female,P_rettgeri,8,Vial_40,8,Mated,0.1,20/04/2021,13:28,23/04/2021,17:00,3.147222222,0,Female_neg_RU_P_rettgeri
S106,TotM,neg_RU,Female,P_rettgeri,8,Vial_40,9,Mated,0.1,20/04/2021,13:28,23/04/2021,17:00,3.147222222,0,Female_neg_RU_P_rettgeri
S106,TotM,neg_RU,Female,P_rettgeri,8,Vial_40,10,Mated,0.1,20/04/2021,13:28,23/04/2021,17:00,3.147222222,0,Female_neg_RU_P_rettgeri
S106,TotM,neg_RU,Female,P_rettgeri,9,Vial_41,1,Mated,0.1,20/04/2021,13:31,21/04/2021,09:20,0.825694444,1,Female_neg_RU_P_rettgeri
S106,TotM,neg_RU,Female,P_rettgeri,9,Vial_41,2,Mated,0.1,20/04/2021,13:31,21/04/2021,09:20,0.825694444,1,Female_neg_RU_P_rettgeri
S106,TotM,neg_RU,Female,P_rettgeri,9,Vial_41,3,Mated,0.1,20/04/2021,13:31,21/04/2021,09:20,0.825694444,1,Female_neg_RU_P_rettgeri
S106,TotM,neg_RU,Female,P_rettgeri,9,Vial_41,4,Mated,0.1,20/04/2021,13:31,21/04/2021,12:15,0.947222222,1,Female_neg_RU_P_rettgeri
S106,TotM,neg_RU,Female,P_rettgeri,9,Vial_41,5,Mated,0.1,20/04/2021,13:31,23/04/2021,17:00,3.145138889,0,Female_neg_RU_P_rettgeri
S106,TotM,neg_RU,Female,P_rettgeri,9,Vial_41,6,Mated,0.1,20/04/2021,13:31,23/04/2021,17:00,3.145138889,0,Female_neg_RU_P_rettgeri
S106,TotM,neg_RU,Female,P_rettgeri,9,Vial_41,7,Mated,0.1,20/04/2021,13:31,23/04/2021,17:00,3.145138889,0,Female_neg_RU_P_rettgeri
S106,TotM,neg_RU,Female,P_rettgeri,9,Vial_41,8,Mated,0.1,20/04/2021,13:31,23/04/2021,17:00,3.145138889,0,Female_neg_RU_P_rettgeri
S106,TotM,neg_RU,Female,P_rettgeri,9,Vial_41,9,Mated,0.1,20/04/2021,13:31,23/04/2021,17:00,3.145138889,0,Female_neg_RU_P_rettgeri
S106,TotM,neg_RU,Female,P_rettgeri,9,Vial_41,10,Mated,0.1,20/04/2021,13:31,23/04/2021,17:00,3.145138889,0,Female_neg_RU_P_rettgeri
S106,TotM,neg_RU,Female,P_rettgeri,10,Vial_42,1,Mated,0.1,20/04/2021,13:34,21/04/2021,09:20,0.823611111,1,Female_neg_RU_P_rettgeri
S106,TotM,neg_RU,Female,P_rettgeri,10,Vial_42,2,Mated,0.1,20/04/2021,13:34,21/04/2021,09:20,0.823611111,1,Female_neg_RU_P_rettgeri
S106,TotM,neg_RU,Female,P_rettgeri,10,Vial_42,3,Mated,0.1,20/04/2021,13:34,21/04/2021,09:20,0.823611111,1,Female_neg_RU_P_rettgeri
S106,TotM,neg_RU,Female,P_rettgeri,10,Vial_42,4,Mated,0.1,20/04/2021,13:34,21/04/2021,09:20,0.823611111,1,Female_neg_RU_P_rettgeri
S106,TotM,neg_RU,Female,P_rettgeri,10,Vial_42,5,Mated,0.1,20/04/2021,13:34,22/04/2021,09:30,1.830555556,1,Female_neg_RU_P_rettgeri
S106,TotM,neg_RU,Female,P_rettgeri,10,Vial_42,6,Mated,0.1,20/04/2021,13:34,23/04/2021,17:00,3.143055556,0,Female_neg_RU_P_rettgeri
S106,TotM,neg_RU,Female,P_rettgeri,10,Vial_42,7,Mated,0.1,20/04/2021,13:34,23/04/2021,17:00,3.143055556,0,Female_neg_RU_P_rettgeri
S106,TotM,neg_RU,Female,P_rettgeri,10,Vial_42,8,Mated,0.1,20/04/2021,13:34,23/04/2021,17:00,3.143055556,0,Female_neg_RU_P_rettgeri
S106,TotM,neg_RU,Female,P_rettgeri,10,Vial_42,9,Mated,0.1,20/04/2021,13:34,23/04/2021,17:00,3.143055556,0,Female_neg_RU_P_rettgeri
S106,TotM,neg_RU,Male,P_rettgeri,1,Vial_43,1,Mated,0.1,20/04/2021,13:43,21/04/2021,09:20,0.817361111,1,Male_neg_RU_P_rettgeri
S106,TotM,neg_RU,Male,P_rettgeri,1,Vial_43,2,Mated,0.1,20/04/2021,13:43,21/04/2021,09:20,0.817361111,1,Male_neg_RU_P_rettgeri
S106,TotM,neg_RU,Male,P_rettgeri,1,Vial_43,3,Mated,0.1,20/04/2021,13:43,23/04/2021,17:00,3.136805556,0,Male_neg_RU_P_rettgeri
S106,TotM,neg_RU,Male,P_rettgeri,1,Vial_43,4,Mated,0.1,20/04/2021,13:43,23/04/2021,17:00,3.136805556,0,Male_neg_RU_P_rettgeri
S106,TotM,neg_RU,Male,P_rettgeri,1,Vial_43,5,Mated,0.1,20/04/2021,13:43,23/04/2021,17:00,3.136805556,0,Male_neg_RU_P_rettgeri
S106,TotM,neg_RU,Male,P_rettgeri,1,Vial_43,6,Mated,0.1,20/04/2021,13:43,23/04/2021,17:00,3.136805556,0,Male_neg_RU_P_rettgeri
S106,TotM,neg_RU,Male,P_rettgeri,1,Vial_43,7,Mated,0.1,20/04/2021,13:43,23/04/2021,17:00,3.136805556,0,Male_neg_RU_P_rettgeri
S106,TotM,neg_RU,Male,P_rettgeri,1,Vial_43,8,Mated,0.1,20/04/2021,13:43,23/04/2021,17:00,3.136805556,0,Male_neg_RU_P_rettgeri
S106,TotM,neg_RU,Male,P_rettgeri,1,Vial_43,9,Mated,0.1,20/04/2021,13:43,23/04/2021,17:00,3.136805556,0,Male_neg_RU_P_rettgeri
S106,TotM,neg_RU,Male,P_rettgeri,1,Vial_43,10,Mated,0.1,20/04/2021,13:43,23/04/2021,17:00,3.136805556,0,Male_neg_RU_P_rettgeri
S106,TotM,neg_RU,Male,P_rettgeri,2,Vial_44,1,Mated,0.1,20/04/2021,13:47,21/04/2021,09:20,0.814583333,1,Male_neg_RU_P_rettgeri
S106,TotM,neg_RU,Male,P_rettgeri,2,Vial_44,2,Mated,0.1,20/04/2021,13:47,21/04/2021,09:20,0.814583333,1,Male_neg_RU_P_rettgeri
S106,TotM,neg_RU,Male,P_rettgeri,2,Vial_44,3,Mated,0.1,20/04/2021,13:47,21/04/2021,09:20,0.814583333,1,Male_neg_RU_P_rettgeri
S106,TotM,neg_RU,Male,P_rettgeri,2,Vial_44,4,Mated,0.1,20/04/2021,13:47,23/04/2021,17:00,3.134027778,0,Male_neg_RU_P_rettgeri
S106,TotM,neg_RU,Male,P_rettgeri,2,Vial_44,5,Mated,0.1,20/04/2021,13:47,23/04/2021,17:00,3.134027778,0,Male_neg_RU_P_rettgeri
S106,TotM,neg_RU,Male,P_rettgeri,2,Vial_44,6,Mated,0.1,20/04/2021,13:47,23/04/2021,17:00,3.134027778,0,Male_neg_RU_P_rettgeri
S106,TotM,neg_RU,Male,P_rettgeri,2,Vial_44,7,Mated,0.1,20/04/2021,13:47,23/04/2021,17:00,3.134027778,0,Male_neg_RU_P_rettgeri
S106,TotM,neg_RU,Male,P_rettgeri,2,Vial_44,8,Mated,0.1,20/04/2021,13:47,23/04/2021,17:00,3.134027778,0,Male_neg_RU_P_rettgeri
S106,TotM,neg_RU,Male,P_rettgeri,2,Vial_44,9,Mated,0.1,20/04/2021,13:47,23/04/2021,17:00,3.134027778,0,Male_neg_RU_P_rettgeri
S106,TotM,neg_RU,Male,P_rettgeri,2,Vial_44,10,Mated,0.1,20/04/2021,13:47,23/04/2021,17:00,3.134027778,0,Male_neg_RU_P_rettgeri
S106,TotM,neg_RU,Male,P_rettgeri,3,Vial_45,1,Mated,0.1,20/04/2021,13:51,21/04/2021,09:20,0.811805556,1,Male_neg_RU_P_rettgeri
S106,TotM,neg_RU,Male,P_rettgeri,3,Vial_45,2,Mated,0.1,20/04/2021,13:51,21/04/2021,09:20,0.811805556,1,Male_neg_RU_P_rettgeri
S106,TotM,neg_RU,Male,P_rettgeri,3,Vial_45,3,Mated,0.1,20/04/2021,13:51,21/04/2021,12:15,0.933333333,1,Male_neg_RU_P_rettgeri
S106,TotM,neg_RU,Male,P_rettgeri,3,Vial_45,4,Mated,0.1,20/04/2021,13:51,21/04/2021,12:15,0.933333333,1,Male_neg_RU_P_rettgeri
S106,TotM,neg_RU,Male,P_rettgeri,3,Vial_45,5,Mated,0.1,20/04/2021,13:51,23/04/2021,17:00,3.13125,0,Male_neg_RU_P_rettgeri
S106,TotM,neg_RU,Male,P_rettgeri,3,Vial_45,6,Mated,0.1,20/04/2021,13:51,23/04/2021,17:00,3.13125,0,Male_neg_RU_P_rettgeri
S106,TotM,neg_RU,Male,P_rettgeri,3,Vial_45,7,Mated,0.1,20/04/2021,13:51,23/04/2021,17:00,3.13125,0,Male_neg_RU_P_rettgeri
S106,TotM,neg_RU,Male,P_rettgeri,3,Vial_45,8,Mated,0.1,20/04/2021,13:51,23/04/2021,17:00,3.13125,0,Male_neg_RU_P_rettgeri
S106,TotM,neg_RU,Male,P_rettgeri,3,Vial_45,9,Mated,0.1,20/04/2021,13:51,23/04/2021,17:00,3.13125,0,Male_neg_RU_P_rettgeri
S106,TotM,neg_RU,Male,P_rettgeri,3,Vial_45,10,Mated,0.1,20/04/2021,13:51,23/04/2021,17:00,3.13125,0,Male_neg_RU_P_rettgeri
S106,TotM,neg_RU,Male,P_rettgeri,4,Vial_46,1,Mated,0.1,20/04/2021,13:55,21/04/2021,09:20,0.809027778,1,Male_neg_RU_P_rettgeri
S106,TotM,neg_RU,Male,P_rettgeri,4,Vial_46,2,Mated,0.1,20/04/2021,13:55,22/04/2021,09:30,1.815972222,1,Male_neg_RU_P_rettgeri
S106,TotM,neg_RU,Male,P_rettgeri,4,Vial_46,3,Mated,0.1,20/04/2021,13:55,23/04/2021,17:00,3.128472222,0,Male_neg_RU_P_rettgeri
S106,TotM,neg_RU,Male,P_rettgeri,4,Vial_46,4,Mated,0.1,20/04/2021,13:55,23/04/2021,17:00,3.128472222,0,Male_neg_RU_P_rettgeri
S106,TotM,neg_RU,Male,P_rettgeri,4,Vial_46,5,Mated,0.1,20/04/2021,13:55,23/04/2021,17:00,3.128472222,0,Male_neg_RU_P_rettgeri
S106,TotM,neg_RU,Male,P_rettgeri,4,Vial_46,6,Mated,0.1,20/04/2021,13:55,23/04/2021,17:00,3.128472222,0,Male_neg_RU_P_rettgeri
S106,TotM,neg_RU,Male,P_rettgeri,4,Vial_46,7,Mated,0.1,20/04/2021,13:55,23/04/2021,17:00,3.128472222,0,Male_neg_RU_P_rettgeri
S106,TotM,neg_RU,Male,P_rettgeri,4,Vial_46,8,Mated,0.1,20/04/2021,13:55,23/04/2021,17:00,3.128472222,0,Male_neg_RU_P_rettgeri
S106,TotM,neg_RU,Male,P_rettgeri,4,Vial_46,9,Mated,0.1,20/04/2021,13:55,23/04/2021,17:00,3.128472222,0,Male_neg_RU_P_rettgeri
S106,TotM,neg_RU,Male,P_rettgeri,4,Vial_46,10,Mated,0.1,20/04/2021,13:55,23/04/2021,17:00,3.128472222,0,Male_neg_RU_P_rettgeri
S106,TotM,neg_RU,Male,P_rettgeri,5,Vial_47,1,Mated,0.1,20/04/2021,13:58,21/04/2021,09:20,0.806944444,1,Male_neg_RU_P_rettgeri
S106,TotM,neg_RU,Male,P_rettgeri,5,Vial_47,2,Mated,0.1,20/04/2021,13:58,22/04/2021,09:30,1.813888889,1,Male_neg_RU_P_rettgeri
S106,TotM,neg_RU,Male,P_rettgeri,5,Vial_47,3,Mated,0.1,20/04/2021,13:58,22/04/2021,09:30,1.813888889,1,Male_neg_RU_P_rettgeri
S106,TotM,neg_RU,Male,P_rettgeri,5,Vial_47,4,Mated,0.1,20/04/2021,13:58,23/04/2021,17:00,3.126388889,0,Male_neg_RU_P_rettgeri
S106,TotM,neg_RU,Male,P_rettgeri,5,Vial_47,5,Mated,0.1,20/04/2021,13:58,23/04/2021,17:00,3.126388889,0,Male_neg_RU_P_rettgeri
S106,TotM,neg_RU,Male,P_rettgeri,5,Vial_47,6,Mated,0.1,20/04/2021,13:58,23/04/2021,17:00,3.126388889,0,Male_neg_RU_P_rettgeri
S106,TotM,neg_RU,Male,P_rettgeri,5,Vial_47,7,Mated,0.1,20/04/2021,13:58,23/04/2021,17:00,3.126388889,0,Male_neg_RU_P_rettgeri
S106,TotM,neg_RU,Male,P_rettgeri,5,Vial_47,8,Mated,0.1,20/04/2021,13:58,23/04/2021,17:00,3.126388889,0,Male_neg_RU_P_rettgeri
S106,TotM,neg_RU,Male,P_rettgeri,5,Vial_47,9,Mated,0.1,20/04/2021,13:58,23/04/2021,17:00,3.126388889,0,Male_neg_RU_P_rettgeri
S106,TotM,neg_RU,Male,P_rettgeri,5,Vial_47,10,Mated,0.1,20/04/2021,13:58,23/04/2021,17:00,3.126388889,0,Male_neg_RU_P_rettgeri
S106,TotM,neg_RU,Male,P_rettgeri,6,Vial_48,1,Mated,0.1,20/04/2021,14:02,21/04/2021,09:20,0.804166667,1,Male_neg_RU_P_rettgeri
S106,TotM,neg_RU,Male,P_rettgeri,6,Vial_48,2,Mated,0.1,20/04/2021,14:02,21/04/2021,09:20,0.804166667,1,Male_neg_RU_P_rettgeri
S106,TotM,neg_RU,Male,P_rettgeri,6,Vial_48,3,Mated,0.1,20/04/2021,14:02,21/04/2021,09:20,0.804166667,1,Male_neg_RU_P_rettgeri
S106,TotM,neg_RU,Male,P_rettgeri,6,Vial_48,4,Mated,0.1,20/04/2021,14:02,21/04/2021,09:20,0.804166667,1,Male_neg_RU_P_rettgeri
S106,TotM,neg_RU,Male,P_rettgeri,6,Vial_48,5,Mated,0.1,20/04/2021,14:02,23/04/2021,17:00,3.123611111,0,Male_neg_RU_P_rettgeri
S106,TotM,neg_RU,Male,P_rettgeri,6,Vial_48,6,Mated,0.1,20/04/2021,14:02,23/04/2021,17:00,3.123611111,0,Male_neg_RU_P_rettgeri
S106,TotM,neg_RU,Male,P_rettgeri,6,Vial_48,7,Mated,0.1,20/04/2021,14:02,23/04/2021,17:00,3.123611111,0,Male_neg_RU_P_rettgeri
S106,TotM,neg_RU,Male,P_rettgeri,6,Vial_48,8,Mated,0.1,20/04/2021,14:02,23/04/2021,17:00,3.123611111,0,Male_neg_RU_P_rettgeri
S106,TotM,neg_RU,Male,P_rettgeri,6,Vial_48,9,Mated,0.1,20/04/2021,14:02,23/04/2021,17:00,3.123611111,0,Male_neg_RU_P_rettgeri
S106,TotM,neg_RU,Male,P_rettgeri,6,Vial_48,10,Mated,0.1,20/04/2021,14:02,23/04/2021,17:00,3.123611111,0,Male_neg_RU_P_rettgeri
S106,TotM,neg_RU,Male,P_rettgeri,7,Vial_49,1,Mated,0.1,20/04/2021,14:05,21/04/2021,09:20,0.802083333,1,Male_neg_RU_P_rettgeri
S106,TotM,neg_RU,Male,P_rettgeri,7,Vial_49,2,Mated,0.1,20/04/2021,14:05,21/04/2021,14:45,1.027777778,1,Male_neg_RU_P_rettgeri
S106,TotM,neg_RU,Male,P_rettgeri,7,Vial_49,3,Mated,0.1,20/04/2021,14:05,23/04/2021,17:00,3.121527778,0,Male_neg_RU_P_rettgeri
S106,TotM,neg_RU,Male,P_rettgeri,7,Vial_49,4,Mated,0.1,20/04/2021,14:05,23/04/2021,17:00,3.121527778,0,Male_neg_RU_P_rettgeri
S106,TotM,neg_RU,Male,P_rettgeri,7,Vial_49,5,Mated,0.1,20/04/2021,14:05,23/04/2021,17:00,3.121527778,0,Male_neg_RU_P_rettgeri
S106,TotM,neg_RU,Male,P_rettgeri,7,Vial_49,6,Mated,0.1,20/04/2021,14:05,23/04/2021,17:00,3.121527778,0,Male_neg_RU_P_rettgeri
S106,TotM,neg_RU,Male,P_rettgeri,7,Vial_49,7,Mated,0.1,20/04/2021,14:05,23/04/2021,17:00,3.121527778,0,Male_neg_RU_P_rettgeri
S106,TotM,neg_RU,Male,P_rettgeri,7,Vial_49,8,Mated,0.1,20/04/2021,14:05,23/04/2021,17:00,3.121527778,0,Male_neg_RU_P_rettgeri
S106,TotM,neg_RU,Male,P_rettgeri,7,Vial_49,9,Mated,0.1,20/04/2021,14:05,23/04/2021,17:00,3.121527778,0,Male_neg_RU_P_rettgeri
S106,TotM,neg_RU,Male,P_rettgeri,7,Vial_49,10,Mated,0.1,20/04/2021,14:05,23/04/2021,17:00,3.121527778,0,Male_neg_RU_P_rettgeri
S106,TotM,neg_RU,Male,P_rettgeri,8,Vial_50,1,Mated,0.1,20/04/2021,14:10,21/04/2021,09:20,0.798611111,1,Male_neg_RU_P_rettgeri
S106,TotM,neg_RU,Male,P_rettgeri,8,Vial_50,2,Mated,0.1,20/04/2021,14:10,21/04/2021,12:15,0.920138889,1,Male_neg_RU_P_rettgeri
S106,TotM,neg_RU,Male,P_rettgeri,8,Vial_50,3,Mated,0.1,20/04/2021,14:10,23/04/2021,17:00,3.118055556,0,Male_neg_RU_P_rettgeri
S106,TotM,neg_RU,Male,P_rettgeri,8,Vial_50,4,Mated,0.1,20/04/2021,14:10,23/04/2021,17:00,3.118055556,0,Male_neg_RU_P_rettgeri
S106,TotM,neg_RU,Male,P_rettgeri,8,Vial_50,5,Mated,0.1,20/04/2021,14:10,23/04/2021,17:00,3.118055556,0,Male_neg_RU_P_rettgeri
S106,TotM,neg_RU,Male,P_rettgeri,8,Vial_50,6,Mated,0.1,20/04/2021,14:10,23/04/2021,17:00,3.118055556,0,Male_neg_RU_P_rettgeri
S106,TotM,neg_RU,Male,P_rettgeri,8,Vial_50,7,Mated,0.1,20/04/2021,14:10,23/04/2021,17:00,3.118055556,0,Male_neg_RU_P_rettgeri
S106,TotM,neg_RU,Male,P_rettgeri,8,Vial_50,8,Mated,0.1,20/04/2021,14:10,23/04/2021,17:00,3.118055556,0,Male_neg_RU_P_rettgeri
S106,TotM,neg_RU,Male,P_rettgeri,8,Vial_50,9,Mated,0.1,20/04/2021,14:10,23/04/2021,17:00,3.118055556,0,Male_neg_RU_P_rettgeri
S106,TotM,neg_RU,Male,P_rettgeri,8,Vial_50,10,Mated,0.1,20/04/2021,14:10,23/04/2021,17:00,3.118055556,0,Male_neg_RU_P_rettgeri
S106,TotM,neg_RU,Male,P_rettgeri,9,Vial_51,1,Mated,0.1,20/04/2021,14:13,23/04/2021,17:00,3.115972222,0,Male_neg_RU_P_rettgeri
S106,TotM,neg_RU,Male,P_rettgeri,9,Vial_51,2,Mated,0.1,20/04/2021,14:13,23/04/2021,17:00,3.115972222,0,Male_neg_RU_P_rettgeri
S106,TotM,neg_RU,Male,P_rettgeri,9,Vial_51,3,Mated,0.1,20/04/2021,14:13,23/04/2021,17:00,3.115972222,0,Male_neg_RU_P_rettgeri
S106,TotM,neg_RU,Male,P_rettgeri,9,Vial_51,4,Mated,0.1,20/04/2021,14:13,23/04/2021,17:00,3.115972222,0,Male_neg_RU_P_rettgeri
S106,TotM,neg_RU,Male,P_rettgeri,9,Vial_51,5,Mated,0.1,20/04/2021,14:13,23/04/2021,17:00,3.115972222,0,Male_neg_RU_P_rettgeri
S106,TotM,neg_RU,Male,P_rettgeri,9,Vial_51,6,Mated,0.1,20/04/2021,14:13,23/04/2021,17:00,3.115972222,0,Male_neg_RU_P_rettgeri
S106,TotM,neg_RU,Male,P_rettgeri,9,Vial_51,7,Mated,0.1,20/04/2021,14:13,23/04/2021,17:00,3.115972222,0,Male_neg_RU_P_rettgeri
S106,TotM,neg_RU,Male,P_rettgeri,9,Vial_51,8,Mated,0.1,20/04/2021,14:13,23/04/2021,17:00,3.115972222,0,Male_neg_RU_P_rettgeri
S106,TotM,neg_RU,Male,P_rettgeri,9,Vial_51,9,Mated,0.1,20/04/2021,14:13,23/04/2021,17:00,3.115972222,0,Male_neg_RU_P_rettgeri
S106,TotM,neg_RU,Male,P_rettgeri,9,Vial_51,10,Mated,0.1,20/04/2021,14:13,23/04/2021,17:00,3.115972222,0,Male_neg_RU_P_rettgeri
S106,TotM,neg_RU,Male,P_rettgeri,10,Vial_52,1,Mated,0.1,20/04/2021,14:16,22/04/2021,09:30,1.801388889,1,Male_neg_RU_P_rettgeri
S106,TotM,neg_RU,Male,P_rettgeri,10,Vial_52,2,Mated,0.1,20/04/2021,14:16,23/04/2021,17:00,3.113888889,0,Male_neg_RU_P_rettgeri
S106,TotM,neg_RU,Male,P_rettgeri,10,Vial_52,3,Mated,0.1,20/04/2021,14:16,23/04/2021,17:00,3.113888889,0,Male_neg_RU_P_rettgeri
S106,TotM,neg_RU,Male,P_rettgeri,10,Vial_52,4,Mated,0.1,20/04/2021,14:16,23/04/2021,17:00,3.113888889,0,Male_neg_RU_P_rettgeri
S106,TotM,neg_RU,Male,P_rettgeri,10,Vial_52,5,Mated,0.1,20/04/2021,14:16,23/04/2021,17:00,3.113888889,0,Male_neg_RU_P_rettgeri
S106,TotM,neg_RU,Male,P_rettgeri,10,Vial_52,6,Mated,0.1,20/04/2021,14:16,23/04/2021,17:00,3.113888889,0,Male_neg_RU_P_rettgeri
S106,TotM,neg_RU,Male,P_rettgeri,10,Vial_52,7,Mated,0.1,20/04/2021,14:16,23/04/2021,17:00,3.113888889,0,Male_neg_RU_P_rettgeri
S106,TotM,neg_RU,Male,P_rettgeri,10,Vial_52,8,Mated,0.1,20/04/2021,14:16,23/04/2021,17:00,3.113888889,0,Male_neg_RU_P_rettgeri
S106,TotM,neg_RU,Male,P_rettgeri,10,Vial_52,9,Mated,0.1,20/04/2021,14:16,23/04/2021,17:00,3.113888889,0,Male_neg_RU_P_rettgeri
S106,TotM,neg_RU,Male,P_rettgeri,10,Vial_52,10,Mated,0.1,20/04/2021,14:16,23/04/2021,17:00,3.113888889,0,Male_neg_RU_P_rettgeri
S106,TotM,pos_RU,Female,P_rettgeri,1,Vial_53,1,Mated,0.1,20/04/2021,14:31,21/04/2021,09:20,0.784027778,1,Female_pos_RU_P_rettgeri
S106,TotM,pos_RU,Female,P_rettgeri,1,Vial_53,2,Mated,0.1,20/04/2021,14:31,21/04/2021,09:20,0.784027778,1,Female_pos_RU_P_rettgeri
S106,TotM,pos_RU,Female,P_rettgeri,1,Vial_53,3,Mated,0.1,20/04/2021,14:31,21/04/2021,09:20,0.784027778,1,Female_pos_RU_P_rettgeri
S106,TotM,pos_RU,Female,P_rettgeri,1,Vial_53,4,Mated,0.1,20/04/2021,14:31,23/04/2021,17:00,3.103472222,0,Female_pos_RU_P_rettgeri
S106,TotM,pos_RU,Female,P_rettgeri,1,Vial_53,5,Mated,0.1,20/04/2021,14:31,23/04/2021,17:00,3.103472222,0,Female_pos_RU_P_rettgeri
S106,TotM,pos_RU,Female,P_rettgeri,1,Vial_53,6,Mated,0.1,20/04/2021,14:31,23/04/2021,17:00,3.103472222,0,Female_pos_RU_P_rettgeri
S106,TotM,pos_RU,Female,P_rettgeri,1,Vial_53,7,Mated,0.1,20/04/2021,14:31,23/04/2021,17:00,3.103472222,0,Female_pos_RU_P_rettgeri
S106,TotM,pos_RU,Female,P_rettgeri,1,Vial_53,8,Mated,0.1,20/04/2021,14:31,23/04/2021,17:00,3.103472222,0,Female_pos_RU_P_rettgeri
S106,TotM,pos_RU,Female,P_rettgeri,1,Vial_53,9,Mated,0.1,20/04/2021,14:31,23/04/2021,17:00,3.103472222,0,Female_pos_RU_P_rettgeri
S106,TotM,pos_RU,Female,P_rettgeri,1,Vial_53,10,Mated,0.1,20/04/2021,14:31,23/04/2021,17:00,3.103472222,0,Female_pos_RU_P_rettgeri
S106,TotM,pos_RU,Female,P_rettgeri,2,Vial_54,1,Mated,0.1,20/04/2021,14:34,21/04/2021,09:20,0.781944444,1,Female_pos_RU_P_rettgeri
S106,TotM,pos_RU,Female,P_rettgeri,2,Vial_54,2,Mated,0.1,20/04/2021,14:34,21/04/2021,14:45,1.007638889,1,Female_pos_RU_P_rettgeri
S106,TotM,pos_RU,Female,P_rettgeri,2,Vial_54,3,Mated,0.1,20/04/2021,14:34,23/04/2021,17:00,3.101388889,0,Female_pos_RU_P_rettgeri
S106,TotM,pos_RU,Female,P_rettgeri,2,Vial_54,4,Mated,0.1,20/04/2021,14:34,23/04/2021,17:00,3.101388889,0,Female_pos_RU_P_rettgeri
S106,TotM,pos_RU,Female,P_rettgeri,2,Vial_54,5,Mated,0.1,20/04/2021,14:34,23/04/2021,17:00,3.101388889,0,Female_pos_RU_P_rettgeri
S106,TotM,pos_RU,Female,P_rettgeri,2,Vial_54,6,Mated,0.1,20/04/2021,14:34,23/04/2021,17:00,3.101388889,0,Female_pos_RU_P_rettgeri
S106,TotM,pos_RU,Female,P_rettgeri,2,Vial_54,7,Mated,0.1,20/04/2021,14:34,23/04/2021,17:00,3.101388889,0,Female_pos_RU_P_rettgeri
S106,TotM,pos_RU,Female,P_rettgeri,2,Vial_54,8,Mated,0.1,20/04/2021,14:34,23/04/2021,17:00,3.101388889,0,Female_pos_RU_P_rettgeri
S106,TotM,pos_RU,Female,P_rettgeri,2,Vial_54,9,Mated,0.1,20/04/2021,14:34,23/04/2021,17:00,3.101388889,0,Female_pos_RU_P_rettgeri
S106,TotM,pos_RU,Female,P_rettgeri,2,Vial_54,10,Mated,0.1,20/04/2021,14:34,23/04/2021,17:00,3.101388889,0,Female_pos_RU_P_rettgeri
S106,TotM,pos_RU,Female,P_rettgeri,3,Vial_55,1,Mated,0.1,20/04/2021,14:37,22/04/2021,09:30,1.786805556,1,Female_pos_RU_P_rettgeri
S106,TotM,pos_RU,Female,P_rettgeri,3,Vial_55,2,Mated,0.1,20/04/2021,14:37,23/04/2021,17:00,3.099305556,0,Female_pos_RU_P_rettgeri
S106,TotM,pos_RU,Female,P_rettgeri,3,Vial_55,3,Mated,0.1,20/04/2021,14:37,23/04/2021,17:00,3.099305556,0,Female_pos_RU_P_rettgeri
S106,TotM,pos_RU,Female,P_rettgeri,3,Vial_55,4,Mated,0.1,20/04/2021,14:37,23/04/2021,17:00,3.099305556,0,Female_pos_RU_P_rettgeri
S106,TotM,pos_RU,Female,P_rettgeri,3,Vial_55,5,Mated,0.1,20/04/2021,14:37,23/04/2021,17:00,3.099305556,0,Female_pos_RU_P_rettgeri
S106,TotM,pos_RU,Female,P_rettgeri,3,Vial_55,6,Mated,0.1,20/04/2021,14:37,23/04/2021,17:00,3.099305556,0,Female_pos_RU_P_rettgeri
S106,TotM,pos_RU,Female,P_rettgeri,3,Vial_55,7,Mated,0.1,20/04/2021,14:37,23/04/2021,17:00,3.099305556,0,Female_pos_RU_P_rettgeri
S106,TotM,pos_RU,Female,P_rettgeri,3,Vial_55,8,Mated,0.1,20/04/2021,14:37,23/04/2021,17:00,3.099305556,0,Female_pos_RU_P_rettgeri
S106,TotM,pos_RU,Female,P_rettgeri,3,Vial_55,9,Mated,0.1,20/04/2021,14:37,23/04/2021,17:00,3.099305556,0,Female_pos_RU_P_rettgeri
S106,TotM,pos_RU,Female,P_rettgeri,3,Vial_55,10,Mated,0.1,20/04/2021,14:37,23/04/2021,17:00,3.099305556,0,Female_pos_RU_P_rettgeri
S106,TotM,pos_RU,Female,P_rettgeri,4,Vial_56,1,Mated,0.1,20/04/2021,14:40,21/04/2021,09:20,0.777777778,1,Female_pos_RU_P_rettgeri
S106,TotM,pos_RU,Female,P_rettgeri,4,Vial_56,2,Mated,0.1,20/04/2021,14:40,21/04/2021,09:20,0.777777778,1,Female_pos_RU_P_rettgeri
S106,TotM,pos_RU,Female,P_rettgeri,4,Vial_56,3,Mated,0.1,20/04/2021,14:40,21/04/2021,09:20,0.777777778,1,Female_pos_RU_P_rettgeri
S106,TotM,pos_RU,Female,P_rettgeri,4,Vial_56,4,Mated,0.1,20/04/2021,14:40,22/04/2021,09:30,1.784722222,1,Female_pos_RU_P_rettgeri
S106,TotM,pos_RU,Female,P_rettgeri,4,Vial_56,5,Mated,0.1,20/04/2021,14:40,23/04/2021,09:30,2.784722222,1,Female_pos_RU_P_rettgeri
S106,TotM,pos_RU,Female,P_rettgeri,4,Vial_56,6,Mated,0.1,20/04/2021,14:40,23/04/2021,17:00,3.097222222,0,Female_pos_RU_P_rettgeri
S106,TotM,pos_RU,Female,P_rettgeri,4,Vial_56,7,Mated,0.1,20/04/2021,14:40,23/04/2021,17:00,3.097222222,0,Female_pos_RU_P_rettgeri
S106,TotM,pos_RU,Female,P_rettgeri,4,Vial_56,8,Mated,0.1,20/04/2021,14:40,23/04/2021,17:00,3.097222222,0,Female_pos_RU_P_rettgeri
S106,TotM,pos_RU,Female,P_rettgeri,4,Vial_56,9,Mated,0.1,20/04/2021,14:40,23/04/2021,17:00,3.097222222,0,Female_pos_RU_P_rettgeri
S106,TotM,pos_RU,Female,P_rettgeri,4,Vial_56,10,Mated,0.1,20/04/2021,14:40,23/04/2021,17:00,3.097222222,0,Female_pos_RU_P_rettgeri
S106,TotM,pos_RU,Female,P_rettgeri,5,Vial_57,1,Mated,0.1,20/04/2021,14:43,21/04/2021,09:20,0.775694444,1,Female_pos_RU_P_rettgeri
S106,TotM,pos_RU,Female,P_rettgeri,5,Vial_57,2,Mated,0.1,20/04/2021,14:43,21/04/2021,09:20,0.775694444,1,Female_pos_RU_P_rettgeri
S106,TotM,pos_RU,Female,P_rettgeri,5,Vial_57,3,Mated,0.1,20/04/2021,14:43,23/04/2021,17:00,3.095138889,0,Female_pos_RU_P_rettgeri
S106,TotM,pos_RU,Female,P_rettgeri,5,Vial_57,4,Mated,0.1,20/04/2021,14:43,23/04/2021,17:00,3.095138889,0,Female_pos_RU_P_rettgeri
S106,TotM,pos_RU,Female,P_rettgeri,5,Vial_57,5,Mated,0.1,20/04/2021,14:43,23/04/2021,17:00,3.095138889,0,Female_pos_RU_P_rettgeri
S106,TotM,pos_RU,Female,P_rettgeri,5,Vial_57,6,Mated,0.1,20/04/2021,14:43,23/04/2021,17:00,3.095138889,0,Female_pos_RU_P_rettgeri
S106,TotM,pos_RU,Female,P_rettgeri,5,Vial_57,7,Mated,0.1,20/04/2021,14:43,23/04/2021,17:00,3.095138889,0,Female_pos_RU_P_rettgeri
S106,TotM,pos_RU,Female,P_rettgeri,5,Vial_57,8,Mated,0.1,20/04/2021,14:43,23/04/2021,17:00,3.095138889,0,Female_pos_RU_P_rettgeri
S106,TotM,pos_RU,Female,P_rettgeri,5,Vial_57,9,Mated,0.1,20/04/2021,14:43,23/04/2021,17:00,3.095138889,0,Female_pos_RU_P_rettgeri
S106,TotM,pos_RU,Female,P_rettgeri,5,Vial_57,10,Mated,0.1,20/04/2021,14:43,23/04/2021,17:00,3.095138889,0,Female_pos_RU_P_rettgeri
S106,TotM,pos_RU,Female,P_rettgeri,6,Vial_58,1,Mated,0.1,20/04/2021,14:46,21/04/2021,09:20,0.773611111,1,Female_pos_RU_P_rettgeri
S106,TotM,pos_RU,Female,P_rettgeri,6,Vial_58,2,Mated,0.1,20/04/2021,14:46,21/04/2021,09:20,0.773611111,1,Female_pos_RU_P_rettgeri
S106,TotM,pos_RU,Female,P_rettgeri,6,Vial_58,3,Mated,0.1,20/04/2021,14:46,23/04/2021,17:00,3.093055556,0,Female_pos_RU_P_rettgeri
S106,TotM,pos_RU,Female,P_rettgeri,6,Vial_58,4,Mated,0.1,20/04/2021,14:46,23/04/2021,17:00,3.093055556,0,Female_pos_RU_P_rettgeri
S106,TotM,pos_RU,Female,P_rettgeri,6,Vial_58,5,Mated,0.1,20/04/2021,14:46,23/04/2021,17:00,3.093055556,0,Female_pos_RU_P_rettgeri
S106,TotM,pos_RU,Female,P_rettgeri,6,Vial_58,6,Mated,0.1,20/04/2021,14:46,23/04/2021,17:00,3.093055556,0,Female_pos_RU_P_rettgeri
S106,TotM,pos_RU,Female,P_rettgeri,6,Vial_58,7,Mated,0.1,20/04/2021,14:46,23/04/2021,17:00,3.093055556,0,Female_pos_RU_P_rettgeri
S106,TotM,pos_RU,Female,P_rettgeri,6,Vial_58,8,Mated,0.1,20/04/2021,14:46,23/04/2021,17:00,3.093055556,0,Female_pos_RU_P_rettgeri
S106,TotM,pos_RU,Female,P_rettgeri,6,Vial_58,9,Mated,0.1,20/04/2021,14:46,23/04/2021,17:00,3.093055556,0,Female_pos_RU_P_rettgeri
S106,TotM,pos_RU,Female,P_rettgeri,6,Vial_58,10,Mated,0.1,20/04/2021,14:46,23/04/2021,17:00,3.093055556,0,Female_pos_RU_P_rettgeri
S106,TotM,pos_RU,Female,P_rettgeri,7,Vial_59,1,Mated,0.1,20/04/2021,14:49,21/04/2021,12:15,0.893055556,1,Female_pos_RU_P_rettgeri
S106,TotM,pos_RU,Female,P_rettgeri,7,Vial_59,2,Mated,0.1,20/04/2021,14:49,23/04/2021,17:00,3.090972222,0,Female_pos_RU_P_rettgeri
S106,TotM,pos_RU,Female,P_rettgeri,7,Vial_59,3,Mated,0.1,20/04/2021,14:49,23/04/2021,17:00,3.090972222,0,Female_pos_RU_P_rettgeri
S106,TotM,pos_RU,Female,P_rettgeri,7,Vial_59,4,Mated,0.1,20/04/2021,14:49,23/04/2021,17:00,3.090972222,0,Female_pos_RU_P_rettgeri
S106,TotM,pos_RU,Female,P_rettgeri,7,Vial_59,5,Mated,0.1,20/04/2021,14:49,23/04/2021,17:00,3.090972222,0,Female_pos_RU_P_rettgeri
S106,TotM,pos_RU,Female,P_rettgeri,7,Vial_59,6,Mated,0.1,20/04/2021,14:49,23/04/2021,17:00,3.090972222,0,Female_pos_RU_P_rettgeri
S106,TotM,pos_RU,Female,P_rettgeri,7,Vial_59,7,Mated,0.1,20/04/2021,14:49,23/04/2021,17:00,3.090972222,0,Female_pos_RU_P_rettgeri
S106,TotM,pos_RU,Female,P_rettgeri,7,Vial_59,8,Mated,0.1,20/04/2021,14:49,23/04/2021,17:00,3.090972222,0,Female_pos_RU_P_rettgeri
S106,TotM,pos_RU,Female,P_rettgeri,7,Vial_59,9,Mated,0.1,20/04/2021,14:49,23/04/2021,17:00,3.090972222,0,Female_pos_RU_P_rettgeri
S106,TotM,pos_RU,Female,P_rettgeri,7,Vial_59,10,Mated,0.1,20/04/2021,14:49,23/04/2021,17:00,3.090972222,0,Female_pos_RU_P_rettgeri
S106,TotM,pos_RU,Female,P_rettgeri,8,Vial_60,1,Mated,0.1,20/04/2021,14:52,21/04/2021,12:15,0.890972222,1,Female_pos_RU_P_rettgeri
S106,TotM,pos_RU,Female,P_rettgeri,8,Vial_60,2,Mated,0.1,20/04/2021,14:52,21/04/2021,12:15,0.890972222,1,Female_pos_RU_P_rettgeri
S106,TotM,pos_RU,Female,P_rettgeri,8,Vial_60,3,Mated,0.1,20/04/2021,14:52,23/04/2021,09:30,2.776388889,1,Female_pos_RU_P_rettgeri
S106,TotM,pos_RU,Female,P_rettgeri,8,Vial_60,4,Mated,0.1,20/04/2021,14:52,23/04/2021,17:00,3.088888889,0,Female_pos_RU_P_rettgeri
S106,TotM,pos_RU,Female,P_rettgeri,8,Vial_60,5,Mated,0.1,20/04/2021,14:52,23/04/2021,17:00,3.088888889,0,Female_pos_RU_P_rettgeri
S106,TotM,pos_RU,Female,P_rettgeri,8,Vial_60,6,Mated,0.1,20/04/2021,14:52,23/04/2021,17:00,3.088888889,0,Female_pos_RU_P_rettgeri
S106,TotM,pos_RU,Female,P_rettgeri,8,Vial_60,7,Mated,0.1,20/04/2021,14:52,23/04/2021,17:00,3.088888889,0,Female_pos_RU_P_rettgeri
S106,TotM,pos_RU,Female,P_rettgeri,8,Vial_60,8,Mated,0.1,20/04/2021,14:52,23/04/2021,17:00,3.088888889,0,Female_pos_RU_P_rettgeri
S106,TotM,pos_RU,Female,P_rettgeri,8,Vial_60,9,Mated,0.1,20/04/2021,14:52,23/04/2021,17:00,3.088888889,0,Female_pos_RU_P_rettgeri
S106,TotM,pos_RU,Female,P_rettgeri,8,Vial_60,10,Mated,0.1,20/04/2021,14:52,23/04/2021,17:00,3.088888889,0,Female_pos_RU_P_rettgeri
S106,TotM,pos_RU,Female,P_rettgeri,9,Vial_61,1,Mated,0.1,20/04/2021,14:56,21/04/2021,09:20,0.766666667,1,Female_pos_RU_P_rettgeri
S106,TotM,pos_RU,Female,P_rettgeri,9,Vial_61,2,Mated,0.1,20/04/2021,14:56,21/04/2021,09:20,0.766666667,1,Female_pos_RU_P_rettgeri
S106,TotM,pos_RU,Female,P_rettgeri,9,Vial_61,3,Mated,0.1,20/04/2021,14:56,23/04/2021,17:00,3.086111111,0,Female_pos_RU_P_rettgeri
S106,TotM,pos_RU,Female,P_rettgeri,9,Vial_61,4,Mated,0.1,20/04/2021,14:56,23/04/2021,17:00,3.086111111,0,Female_pos_RU_P_rettgeri
S106,TotM,pos_RU,Female,P_rettgeri,9,Vial_61,5,Mated,0.1,20/04/2021,14:56,23/04/2021,17:00,3.086111111,0,Female_pos_RU_P_rettgeri
S106,TotM,pos_RU,Female,P_rettgeri,9,Vial_61,6,Mated,0.1,20/04/2021,14:56,23/04/2021,17:00,3.086111111,0,Female_pos_RU_P_rettgeri
S106,TotM,pos_RU,Female,P_rettgeri,9,Vial_61,7,Mated,0.1,20/04/2021,14:56,23/04/2021,17:00,3.086111111,0,Female_pos_RU_P_rettgeri
S106,TotM,pos_RU,Female,P_rettgeri,9,Vial_61,8,Mated,0.1,20/04/2021,14:56,23/04/2021,17:00,3.086111111,0,Female_pos_RU_P_rettgeri
S106,TotM,pos_RU,Female,P_rettgeri,9,Vial_61,9,Mated,0.1,20/04/2021,14:56,23/04/2021,17:00,3.086111111,0,Female_pos_RU_P_rettgeri
S106,TotM,pos_RU,Female,P_rettgeri,9,Vial_61,10,Mated,0.1,20/04/2021,14:56,23/04/2021,17:00,3.086111111,0,Female_pos_RU_P_rettgeri
S106,TotM,pos_RU,Female,P_rettgeri,10,Vial_62,1,Mated,0.1,20/04/2021,14:59,21/04/2021,09:20,0.764583333,1,Female_pos_RU_P_rettgeri
S106,TotM,pos_RU,Female,P_rettgeri,10,Vial_62,2,Mated,0.1,20/04/2021,14:59,21/04/2021,14:45,0.990277778,1,Female_pos_RU_P_rettgeri
S106,TotM,pos_RU,Female,P_rettgeri,10,Vial_62,3,Mated,0.1,20/04/2021,14:59,23/04/2021,17:00,3.084027778,0,Female_pos_RU_P_rettgeri
S106,TotM,pos_RU,Female,P_rettgeri,10,Vial_62,4,Mated,0.1,20/04/2021,14:59,23/04/2021,17:00,3.084027778,0,Female_pos_RU_P_rettgeri
S106,TotM,pos_RU,Female,P_rettgeri,10,Vial_62,5,Mated,0.1,20/04/2021,14:59,23/04/2021,17:00,3.084027778,0,Female_pos_RU_P_rettgeri
S106,TotM,pos_RU,Female,P_rettgeri,10,Vial_62,6,Mated,0.1,20/04/2021,14:59,23/04/2021,17:00,3.084027778,0,Female_pos_RU_P_rettgeri
S106,TotM,pos_RU,Female,P_rettgeri,10,Vial_62,7,Mated,0.1,20/04/2021,14:59,23/04/2021,17:00,3.084027778,0,Female_pos_RU_P_rettgeri
S106,TotM,pos_RU,Female,P_rettgeri,10,Vial_62,8,Mated,0.1,20/04/2021,14:59,23/04/2021,17:00,3.084027778,0,Female_pos_RU_P_rettgeri
S106,TotM,pos_RU,Female,P_rettgeri,10,Vial_62,9,Mated,0.1,20/04/2021,14:59,23/04/2021,17:00,3.084027778,0,Female_pos_RU_P_rettgeri
S106,TotM,pos_RU,Female,P_rettgeri,10,Vial_62,10,Mated,0.1,20/04/2021,14:59,23/04/2021,17:00,3.084027778,0,Female_pos_RU_P_rettgeri
S106,TotM,pos_RU,Male,P_rettgeri,1,Vial_63,1,Mated,0.1,20/04/2021,15:08,21/04/2021,09:20,0.758333333,1,Male_pos_RU_P_rettgeri
S106,TotM,pos_RU,Male,P_rettgeri,1,Vial_63,2,Mated,0.1,20/04/2021,15:08,22/04/2021,09:30,1.765277778,1,Male_pos_RU_P_rettgeri
S106,TotM,pos_RU,Male,P_rettgeri,1,Vial_63,3,Mated,0.1,20/04/2021,15:08,23/04/2021,17:00,3.077777778,0,Male_pos_RU_P_rettgeri
S106,TotM,pos_RU,Male,P_rettgeri,1,Vial_63,4,Mated,0.1,20/04/2021,15:08,23/04/2021,17:00,3.077777778,0,Male_pos_RU_P_rettgeri
S106,TotM,pos_RU,Male,P_rettgeri,1,Vial_63,5,Mated,0.1,20/04/2021,15:08,23/04/2021,17:00,3.077777778,0,Male_pos_RU_P_rettgeri
S106,TotM,pos_RU,Male,P_rettgeri,1,Vial_63,6,Mated,0.1,20/04/2021,15:08,23/04/2021,17:00,3.077777778,0,Male_pos_RU_P_rettgeri
S106,TotM,pos_RU,Male,P_rettgeri,1,Vial_63,7,Mated,0.1,20/04/2021,15:08,23/04/2021,17:00,3.077777778,0,Male_pos_RU_P_rettgeri
S106,TotM,pos_RU,Male,P_rettgeri,1,Vial_63,8,Mated,0.1,20/04/2021,15:08,23/04/2021,17:00,3.077777778,0,Male_pos_RU_P_rettgeri
S106,TotM,pos_RU,Male,P_rettgeri,1,Vial_63,9,Mated,0.1,20/04/2021,15:08,23/04/2021,17:00,3.077777778,0,Male_pos_RU_P_rettgeri
S106,TotM,pos_RU,Male,P_rettgeri,1,Vial_63,10,Mated,0.1,20/04/2021,15:08,23/04/2021,17:00,3.077777778,0,Male_pos_RU_P_rettgeri
S106,TotM,pos_RU,Male,P_rettgeri,2,Vial_64,1,Mated,0.1,20/04/2021,15:11,21/04/2021,12:15,0.877777778,1,Male_pos_RU_P_rettgeri
S106,TotM,pos_RU,Male,P_rettgeri,2,Vial_64,2,Mated,0.1,20/04/2021,15:11,22/04/2021,09:30,1.763194444,1,Male_pos_RU_P_rettgeri
S106,TotM,pos_RU,Male,P_rettgeri,2,Vial_64,3,Mated,0.1,20/04/2021,15:11,23/04/2021,17:00,3.075694444,0,Male_pos_RU_P_rettgeri
S106,TotM,pos_RU,Male,P_rettgeri,2,Vial_64,4,Mated,0.1,20/04/2021,15:11,23/04/2021,17:00,3.075694444,0,Male_pos_RU_P_rettgeri
S106,TotM,pos_RU,Male,P_rettgeri,2,Vial_64,5,Mated,0.1,20/04/2021,15:11,23/04/2021,17:00,3.075694444,0,Male_pos_RU_P_rettgeri
S106,TotM,pos_RU,Male,P_rettgeri,2,Vial_64,6,Mated,0.1,20/04/2021,15:11,23/04/2021,17:00,3.075694444,0,Male_pos_RU_P_rettgeri
S106,TotM,pos_RU,Male,P_rettgeri,2,Vial_64,7,Mated,0.1,20/04/2021,15:11,23/04/2021,17:00,3.075694444,0,Male_pos_RU_P_rettgeri
S106,TotM,pos_RU,Male,P_rettgeri,2,Vial_64,8,Mated,0.1,20/04/2021,15:11,23/04/2021,17:00,3.075694444,0,Male_pos_RU_P_rettgeri
S106,TotM,pos_RU,Male,P_rettgeri,2,Vial_64,9,Mated,0.1,20/04/2021,15:11,23/04/2021,17:00,3.075694444,0,Male_pos_RU_P_rettgeri
S106,TotM,pos_RU,Male,P_rettgeri,2,Vial_64,10,Mated,0.1,20/04/2021,15:11,23/04/2021,17:00,3.075694444,0,Male_pos_RU_P_rettgeri
S106,TotM,pos_RU,Male,P_rettgeri,3,Vial_65,1,Mated,0.1,20/04/2021,15:14,21/04/2021,12:15,0.875694444,1,Male_pos_RU_P_rettgeri
S106,TotM,pos_RU,Male,P_rettgeri,3,Vial_65,2,Mated,0.1,20/04/2021,15:14,21/04/2021,12:15,0.875694444,1,Male_pos_RU_P_rettgeri
S106,TotM,pos_RU,Male,P_rettgeri,3,Vial_65,3,Mated,0.1,20/04/2021,15:14,22/04/2021,09:30,1.761111111,1,Male_pos_RU_P_rettgeri
S106,TotM,pos_RU,Male,P_rettgeri,3,Vial_65,4,Mated,0.1,20/04/2021,15:14,23/04/2021,17:00,3.073611111,0,Male_pos_RU_P_rettgeri
S106,TotM,pos_RU,Male,P_rettgeri,3,Vial_65,5,Mated,0.1,20/04/2021,15:14,23/04/2021,17:00,3.073611111,0,Male_pos_RU_P_rettgeri
S106,TotM,pos_RU,Male,P_rettgeri,3,Vial_65,6,Mated,0.1,20/04/2021,15:14,23/04/2021,17:00,3.073611111,0,Male_pos_RU_P_rettgeri
S106,TotM,pos_RU,Male,P_rettgeri,3,Vial_65,7,Mated,0.1,20/04/2021,15:14,23/04/2021,17:00,3.073611111,0,Male_pos_RU_P_rettgeri
S106,TotM,pos_RU,Male,P_rettgeri,3,Vial_65,8,Mated,0.1,20/04/2021,15:14,23/04/2021,17:00,3.073611111,0,Male_pos_RU_P_rettgeri
S106,TotM,pos_RU,Male,P_rettgeri,3,Vial_65,9,Mated,0.1,20/04/2021,15:14,23/04/2021,17:00,3.073611111,0,Male_pos_RU_P_rettgeri
S106,TotM,pos_RU,Male,P_rettgeri,3,Vial_65,10,Mated,0.1,20/04/2021,15:14,23/04/2021,17:00,3.073611111,0,Male_pos_RU_P_rettgeri
S106,TotM,pos_RU,Male,P_rettgeri,4,Vial_66,1,Mated,0.1,20/04/2021,15:17,21/04/2021,09:20,0.752083333,1,Male_pos_RU_P_rettgeri
S106,TotM,pos_RU,Male,P_rettgeri,4,Vial_66,2,Mated,0.1,20/04/2021,15:17,21/04/2021,09:20,0.752083333,1,Male_pos_RU_P_rettgeri
S106,TotM,pos_RU,Male,P_rettgeri,4,Vial_66,3,Mated,0.1,20/04/2021,15:17,21/04/2021,09:20,0.752083333,1,Male_pos_RU_P_rettgeri
S106,TotM,pos_RU,Male,P_rettgeri,4,Vial_66,4,Mated,0.1,20/04/2021,15:17,21/04/2021,14:45,0.977777778,1,Male_pos_RU_P_rettgeri
S106,TotM,pos_RU,Male,P_rettgeri,4,Vial_66,5,Mated,0.1,20/04/2021,15:17,22/04/2021,09:30,1.759027778,1,Male_pos_RU_P_rettgeri
S106,TotM,pos_RU,Male,P_rettgeri,4,Vial_66,6,Mated,0.1,20/04/2021,15:17,23/04/2021,17:00,3.071527778,0,Male_pos_RU_P_rettgeri
S106,TotM,pos_RU,Male,P_rettgeri,4,Vial_66,7,Mated,0.1,20/04/2021,15:17,23/04/2021,17:00,3.071527778,0,Male_pos_RU_P_rettgeri
S106,TotM,pos_RU,Male,P_rettgeri,4,Vial_66,8,Mated,0.1,20/04/2021,15:17,23/04/2021,17:00,3.071527778,0,Male_pos_RU_P_rettgeri
S106,TotM,pos_RU,Male,P_rettgeri,4,Vial_66,9,Mated,0.1,20/04/2021,15:17,23/04/2021,17:00,3.071527778,0,Male_pos_RU_P_rettgeri
S106,TotM,pos_RU,Male,P_rettgeri,4,Vial_66,10,Mated,0.1,20/04/2021,15:17,23/04/2021,17:00,3.071527778,0,Male_pos_RU_P_rettgeri
S106,TotM,pos_RU,Male,P_rettgeri,5,Vial_67,1,Mated,0.1,20/04/2021,15:20,21/04/2021,09:20,0.75,1,Male_pos_RU_P_rettgeri
S106,TotM,pos_RU,Male,P_rettgeri,5,Vial_67,2,Mated,0.1,20/04/2021,15:20,21/04/2021,09:20,0.75,1,Male_pos_RU_P_rettgeri
S106,TotM,pos_RU,Male,P_rettgeri,5,Vial_67,3,Mated,0.1,20/04/2021,15:20,23/04/2021,17:00,3.069444444,0,Male_pos_RU_P_rettgeri
S106,TotM,pos_RU,Male,P_rettgeri,5,Vial_67,4,Mated,0.1,20/04/2021,15:20,23/04/2021,17:00,3.069444444,0,Male_pos_RU_P_rettgeri
S106,TotM,pos_RU,Male,P_rettgeri,5,Vial_67,5,Mated,0.1,20/04/2021,15:20,23/04/2021,17:00,3.069444444,0,Male_pos_RU_P_rettgeri
S106,TotM,pos_RU,Male,P_rettgeri,5,Vial_67,6,Mated,0.1,20/04/2021,15:20,23/04/2021,17:00,3.069444444,0,Male_pos_RU_P_rettgeri
S106,TotM,pos_RU,Male,P_rettgeri,5,Vial_67,7,Mated,0.1,20/04/2021,15:20,23/04/2021,17:00,3.069444444,0,Male_pos_RU_P_rettgeri
S106,TotM,pos_RU,Male,P_rettgeri,5,Vial_67,8,Mated,0.1,20/04/2021,15:20,23/04/2021,17:00,3.069444444,0,Male_pos_RU_P_rettgeri
S106,TotM,pos_RU,Male,P_rettgeri,5,Vial_67,9,Mated,0.1,20/04/2021,15:20,23/04/2021,17:00,3.069444444,0,Male_pos_RU_P_rettgeri
S106,TotM,pos_RU,Male,P_rettgeri,5,Vial_67,10,Mated,0.1,20/04/2021,15:20,23/04/2021,17:00,3.069444444,0,Male_pos_RU_P_rettgeri
S106,TotM,pos_RU,Male,P_rettgeri,6,Vial_68,1,Mated,0.1,20/04/2021,15:23,21/04/2021,14:45,0.973611111,1,Male_pos_RU_P_rettgeri
S106,TotM,pos_RU,Male,P_rettgeri,6,Vial_68,2,Mated,0.1,20/04/2021,15:23,22/04/2021,09:30,1.754861111,1,Male_pos_RU_P_rettgeri
S106,TotM,pos_RU,Male,P_rettgeri,6,Vial_68,3,Mated,0.1,20/04/2021,15:23,23/04/2021,17:00,3.067361111,0,Male_pos_RU_P_rettgeri
S106,TotM,pos_RU,Male,P_rettgeri,6,Vial_68,4,Mated,0.1,20/04/2021,15:23,23/04/2021,17:00,3.067361111,0,Male_pos_RU_P_rettgeri
S106,TotM,pos_RU,Male,P_rettgeri,6,Vial_68,5,Mated,0.1,20/04/2021,15:23,23/04/2021,17:00,3.067361111,0,Male_pos_RU_P_rettgeri
S106,TotM,pos_RU,Male,P_rettgeri,6,Vial_68,6,Mated,0.1,20/04/2021,15:23,23/04/2021,17:00,3.067361111,0,Male_pos_RU_P_rettgeri
S106,TotM,pos_RU,Male,P_rettgeri,6,Vial_68,7,Mated,0.1,20/04/2021,15:23,23/04/2021,17:00,3.067361111,0,Male_pos_RU_P_rettgeri
S106,TotM,pos_RU,Male,P_rettgeri,6,Vial_68,8,Mated,0.1,20/04/2021,15:23,23/04/2021,17:00,3.067361111,0,Male_pos_RU_P_rettgeri
S106,TotM,pos_RU,Male,P_rettgeri,6,Vial_68,9,Mated,0.1,20/04/2021,15:23,23/04/2021,17:00,3.067361111,0,Male_pos_RU_P_rettgeri
S106,TotM,pos_RU,Male,P_rettgeri,6,Vial_68,10,Mated,0.1,20/04/2021,15:23,23/04/2021,17:00,3.067361111,0,Male_pos_RU_P_rettgeri
S106,TotM,pos_RU,Male,P_rettgeri,7,Vial_69,1,Mated,0.1,20/04/2021,15:26,21/04/2021,09:20,0.745833333,1,Male_pos_RU_P_rettgeri
S106,TotM,pos_RU,Male,P_rettgeri,7,Vial_69,2,Mated,0.1,20/04/2021,15:26,21/04/2021,09:20,0.745833333,1,Male_pos_RU_P_rettgeri
S106,TotM,pos_RU,Male,P_rettgeri,7,Vial_69,3,Mated,0.1,20/04/2021,15:26,22/04/2021,09:30,1.752777778,1,Male_pos_RU_P_rettgeri
S106,TotM,pos_RU,Male,P_rettgeri,7,Vial_69,4,Mated,0.1,20/04/2021,15:26,23/04/2021,17:00,3.065277778,0,Male_pos_RU_P_rettgeri
S106,TotM,pos_RU,Male,P_rettgeri,7,Vial_69,5,Mated,0.1,20/04/2021,15:26,23/04/2021,17:00,3.065277778,0,Male_pos_RU_P_rettgeri
S106,TotM,pos_RU,Male,P_rettgeri,7,Vial_69,6,Mated,0.1,20/04/2021,15:26,23/04/2021,17:00,3.065277778,0,Male_pos_RU_P_rettgeri
S106,TotM,pos_RU,Male,P_rettgeri,7,Vial_69,7,Mated,0.1,20/04/2021,15:26,23/04/2021,17:00,3.065277778,0,Male_pos_RU_P_rettgeri
S106,TotM,pos_RU,Male,P_rettgeri,7,Vial_69,8,Mated,0.1,20/04/2021,15:26,23/04/2021,17:00,3.065277778,0,Male_pos_RU_P_rettgeri
S106,TotM,pos_RU,Male,P_rettgeri,7,Vial_69,9,Mated,0.1,20/04/2021,15:26,23/04/2021,17:00,3.065277778,0,Male_pos_RU_P_rettgeri
S106,TotM,pos_RU,Male,P_rettgeri,7,Vial_69,10,Mated,0.1,20/04/2021,15:26,23/04/2021,17:00,3.065277778,0,Male_pos_RU_P_rettgeri
S106,TotM,pos_RU,Male,P_rettgeri,8,Vial_70,1,Mated,0.1,20/04/2021,15:29,21/04/2021,09:20,0.74375,1,Male_pos_RU_P_rettgeri
S106,TotM,pos_RU,Male,P_rettgeri,8,Vial_70,2,Mated,0.1,20/04/2021,15:29,21/04/2021,09:20,0.74375,1,Male_pos_RU_P_rettgeri
S106,TotM,pos_RU,Male,P_rettgeri,8,Vial_70,3,Mated,0.1,20/04/2021,15:29,21/04/2021,09:20,0.74375,1,Male_pos_RU_P_rettgeri
S106,TotM,pos_RU,Male,P_rettgeri,8,Vial_70,4,Mated,0.1,20/04/2021,15:29,22/04/2021,12:00,1.854861111,1,Male_pos_RU_P_rettgeri
S106,TotM,pos_RU,Male,P_rettgeri,8,Vial_70,5,Mated,0.1,20/04/2021,15:29,23/04/2021,17:00,3.063194444,0,Male_pos_RU_P_rettgeri
S106,TotM,pos_RU,Male,P_rettgeri,8,Vial_70,6,Mated,0.1,20/04/2021,15:29,23/04/2021,17:00,3.063194444,0,Male_pos_RU_P_rettgeri
S106,TotM,pos_RU,Male,P_rettgeri,8,Vial_70,7,Mated,0.1,20/04/2021,15:29,23/04/2021,17:00,3.063194444,0,Male_pos_RU_P_rettgeri
S106,TotM,pos_RU,Male,P_rettgeri,8,Vial_70,8,Mated,0.1,20/04/2021,15:29,23/04/2021,17:00,3.063194444,0,Male_pos_RU_P_rettgeri
S106,TotM,pos_RU,Male,P_rettgeri,8,Vial_70,9,Mated,0.1,20/04/2021,15:29,23/04/2021,17:00,3.063194444,0,Male_pos_RU_P_rettgeri
S106,TotM,pos_RU,Male,P_rettgeri,8,Vial_70,10,Mated,0.1,20/04/2021,15:29,23/04/2021,17:00,3.063194444,0,Male_pos_RU_P_rettgeri
S106,TotM,pos_RU,Male,P_rettgeri,9,Vial_71,1,Mated,0.1,20/04/2021,15:32,21/04/2021,09:20,0.741666667,1,Male_pos_RU_P_rettgeri
S106,TotM,pos_RU,Male,P_rettgeri,9,Vial_71,2,Mated,0.1,20/04/2021,15:32,21/04/2021,09:20,0.741666667,1,Male_pos_RU_P_rettgeri
S106,TotM,pos_RU,Male,P_rettgeri,9,Vial_71,3,Mated,0.1,20/04/2021,15:32,21/04/2021,12:15,0.863194444,1,Male_pos_RU_P_rettgeri
S106,TotM,pos_RU,Male,P_rettgeri,9,Vial_71,4,Mated,0.1,20/04/2021,15:32,22/04/2021,09:30,1.748611111,1,Male_pos_RU_P_rettgeri
S106,TotM,pos_RU,Male,P_rettgeri,9,Vial_71,5,Mated,0.1,20/04/2021,15:32,23/04/2021,17:00,3.061111111,0,Male_pos_RU_P_rettgeri
S106,TotM,pos_RU,Male,P_rettgeri,9,Vial_71,6,Mated,0.1,20/04/2021,15:32,23/04/2021,17:00,3.061111111,0,Male_pos_RU_P_rettgeri
S106,TotM,pos_RU,Male,P_rettgeri,9,Vial_71,7,Mated,0.1,20/04/2021,15:32,23/04/2021,17:00,3.061111111,0,Male_pos_RU_P_rettgeri
S106,TotM,pos_RU,Male,P_rettgeri,9,Vial_71,8,Mated,0.1,20/04/2021,15:32,23/04/2021,17:00,3.061111111,0,Male_pos_RU_P_rettgeri
S106,TotM,pos_RU,Male,P_rettgeri,9,Vial_71,9,Mated,0.1,20/04/2021,15:32,23/04/2021,17:00,3.061111111,0,Male_pos_RU_P_rettgeri
S106,TotM,pos_RU,Male,P_rettgeri,9,Vial_71,10,Mated,0.1,20/04/2021,15:32,23/04/2021,17:00,3.061111111,0,Male_pos_RU_P_rettgeri
S106,TotM,pos_RU,Male,P_rettgeri,10,Vial_72,1,Mated,0.1,20/04/2021,15:35,21/04/2021,09:20,0.739583333,1,Male_pos_RU_P_rettgeri
S106,TotM,pos_RU,Male,P_rettgeri,10,Vial_72,2,Mated,0.1,20/04/2021,15:35,21/04/2021,09:20,0.739583333,1,Male_pos_RU_P_rettgeri
S106,TotM,pos_RU,Male,P_rettgeri,10,Vial_72,3,Mated,0.1,20/04/2021,15:35,21/04/2021,09:20,0.739583333,1,Male_pos_RU_P_rettgeri
S106,TotM,pos_RU,Male,P_rettgeri,10,Vial_72,4,Mated,0.1,20/04/2021,15:35,21/04/2021,12:15,0.861111111,1,Male_pos_RU_P_rettgeri
S106,TotM,pos_RU,Male,P_rettgeri,10,Vial_72,5,Mated,0.1,20/04/2021,15:35,23/04/2021,17:00,3.059027778,0,Male_pos_RU_P_rettgeri
S106,TotM,pos_RU,Male,P_rettgeri,10,Vial_72,6,Mated,0.1,20/04/2021,15:35,23/04/2021,17:00,3.059027778,0,Male_pos_RU_P_rettgeri
S106,TotM,pos_RU,Male,P_rettgeri,10,Vial_72,7,Mated,0.1,20/04/2021,15:35,23/04/2021,17:00,3.059027778,0,Male_pos_RU_P_rettgeri
S106,TotM,pos_RU,Male,P_rettgeri,10,Vial_72,8,Mated,0.1,20/04/2021,15:35,23/04/2021,17:00,3.059027778,0,Male_pos_RU_P_rettgeri
S106,TotM,pos_RU,Male,P_rettgeri,10,Vial_72,9,Mated,0.1,20/04/2021,15:35,23/04/2021,17:00,3.059027778,0,Male_pos_RU_P_rettgeri
